"name","year","city","country","continent","latitude","longitude","cuisine","price"
"Kilian Stuba",2019,"Kleinwalsertal","Austria","Europe",47.34858,10.17114,"Creative","5"
"Pfefferschiff",2019,"Hallwang","Austria","Europe",47.83787,13.07917,"Classic cuisine","5"
"Esszimmer",2019,"Salzburg","Austria","Europe",47.80685,13.03409,"Creative","5"
"Carpe Diem",2019,"Salzburg","Austria","Europe",47.80001,13.04006,"Market cuisine","5"
"Edvard",2019,"Wien","Austria","Europe",48.216503,16.36852,"Modern cuisine","4"
"Das Loft",2019,"Wien","Austria","Europe",48.21272,16.37931,"Modern cuisine","5"
"Pramerl & the Wolf",2019,"Wien","Austria","Europe",48.20945,16.37174,"Creative","5"
"Walter Bauer",2019,"Wien","Austria","Europe",48.20923,16.37672,"Classic cuisine","5"
"SHIKI",2019,"Wien","Austria","Europe",48.204067,16.37098,"Japanese","5"
"Tian",2019,"Wien","Austria","Europe",48.20513,16.37456,"Vegetarian","5"
"aend",2019,"Wien","Austria","Europe",48.18957,16.34115,"Modern cuisine","5"
"Le Ciel by Toni Mörwald",2019,"Wien","Austria","Europe",48.20209,16.37156,"Classic cuisine","5"
"Chez TJ",2019,"South San Francisco","USA","North America",37.39468,-122.08044,"Contemporary","4"
"Protégé",2019,"South San Francisco","USA","North America",37.427853,-122.14362,"Contemporary","3"
"Madera",2019,"San Francisco","USA","North America",37.42014,-122.21151,"Contemporary","3"
"The Village Pub",2019,"San Francisco","USA","North America",37.42897,-122.25178,"Contemporary","3"
"Plumed Horse",2019,"South San Francisco","USA","North America",37.25648,-122.03537,"Contemporary","4"
"Wakuriya",2019,"San Francisco","USA","North America",37.52114,-122.3366,"Japanese","4"
"Sushi Yoshizumi",2019,"San Francisco","USA","North America",37.565075,-122.3211,"Japanese","4"
"Rasa",2019,"San Francisco","USA","North America",37.577522,-122.345985,"Indian","2"
"Maum",2019,"South San Francisco","USA","North America",37.72669,-122.414215,"Korean","4"
"Al's Place",2019,"San Francisco","USA","North America",37.748924,-122.42013,"Californian","2"
"Aster",2019,"San Francisco","USA","North America",37.755054,-122.423134,"Californian","3"
"Omakase",2019,"San Francisco","USA","North America",37.77077,-122.40298,"Japanese","4"
"Commonwealth",2019,"San Francisco","USA","North America",37.761395,-122.41946,"Contemporary","2"
"Luce",2019,"San Francisco","USA","North America",37.78194,-122.40498,"Contemporary","3"
"Birdsong",2019,"San Francisco","USA","North America",37.779495,-122.41048,"American","4"
"In Situ",2019,"San Francisco","USA","North America",37.785633,-122.40113,"International","4"
"Mourad",2019,"San Francisco","USA","North America",37.78695,-122.39987,"Moroccan","3"
"Hashiri",2019,"San Francisco","USA","North America",37.783062,-122.40754,"Japanese","4"
"Angler",2019,"San Francisco","USA","North America",37.793167,-122.39213,"Contemporary","4"
"Rich Table",2019,"San Francisco","USA","North America",37.774914,-122.42271,"Contemporary","3"
"Kin Khao",2019,"San Francisco","USA","North America",37.785267,-122.40951,"Thai","2"
"Michael Mina",2019,"San Francisco","USA","North America",37.79349,-122.399574,"Contemporary","4"
"Sons & Daughters",2019,"San Francisco","USA","North America",37.79037,-122.40917,"Contemporary","4"
"Mister Jiu's",2019,"San Francisco","USA","North America",37.79371,-122.406654,"Chinese","3"
"Nico",2019,"San Francisco","USA","North America",37.795803,-122.40333,"Contemporary","3"
"jū-ni",2019,"San Francisco","USA","North America",37.77672,-122.43886,"Japanese","4"
"Keiko à Nob Hill",2019,"San Francisco","USA","North America",37.793106,-122.41445,"Fusion","4"
"The Progress",2019,"San Francisco","USA","North America",37.78371,-122.43282,"Californian","3"
"State Bird Provisions",2019,"San Francisco","USA","North America",37.783737,-122.43283,"American","2"
"Octavia",2019,"San Francisco","USA","North America",37.787857,-122.42709,"Californian","3"
"SPQR",2019,"San Francisco","USA","North America",37.78732,-122.43375,"Italian","3"
"Lord Stanley",2019,"San Francisco","USA","North America",37.79592,-122.42208,"Californian","3"
"Kinjo",2019,"San Francisco","USA","North America",37.79699,-122.422005,"Japanese","4"
"Sorrel",2019,"San Francisco","USA","North America",37.788334,-122.44614,"Californian","3"
"Gary Danko",2019,"San Francisco","USA","North America",37.80599,-122.42066,"Contemporary","4"
"Bar Crenn",2019,"San Francisco","USA","North America",37.798435,-122.43581,"French","3"
"Spruce",2019,"San Francisco","USA","North America",37.78772,-122.45264,"Californian","3"
"Wako",2019,"San Francisco","USA","North America",37.783035,-122.461525,"Japanese","4"
"Madcap",2019,"San Francisco","USA","North America",37.974712,-122.56168,"Contemporary","4"
"Aubergine",2019,"Monterey","USA","North America",36.55406,-121.924355,"Contemporary","4"
"Kenzo",2019,"San Francisco","USA","North America",38.29924,-122.28928,"Japanese","4"
"La Toque",2019,"San Francisco","USA","North America",38.30351,-122.28349,"Contemporary","4"
"Bouchon",2019,"San Francisco","USA","North America",38.40258,-122.3619,"French","3"
"Auberge du Soleil",2019,"San Francisco","USA","North America",38.49199,-122.40534,"Californian","4"
"Farmhouse Inn & Restaurant",2019,"San Francisco","USA","North America",38.49039,-122.8835,"Californian","4"
"The Kitchen",2019,"Sacramento","USA","North America",38.58894,-121.41424,"Contemporary","4"
"Madrona Manor",2019,"San Francisco","USA","North America",38.60428,-122.88647,"Contemporary","4"
"Harbor House",2019,"San Francisco","USA","North America",39.135876,-123.719444,"Californian","4"
"Shin Sushi",2019,"Los Angeles","USA","North America",34.15784,-118.49415,"Japanese","3"
"Rustic Canyon",2019,"Los Angeles","USA","North America",34.024952,-118.49118,"Californian","3"
"Dialogue",2019,"Los Angeles","USA","North America",34.01679,-118.49748,"Contemporary","4"
"Kato",2019,"Los Angeles","USA","North America",34.041683,-118.460915,"Asian","3"
"CUT",2019,"Los Angeles","USA","North America",34.067036,-118.401024,"Steakhouse","4"
"Nozawa Bar",2019,"Los Angeles","USA","North America",34.0683,-118.39849,"Japanese","4"
"Shunji",2019,"Los Angeles","USA","North America",34.028496,-118.45195,"Japanese","4"
"Maude",2019,"Los Angeles","USA","North America",34.064346,-118.39904,"Contemporary","4"
"Mori Sushi",2019,"Los Angeles","USA","North America",34.033398,-118.44229,"Japanese","4"
"Trois Mec",2019,"Los Angeles","USA","North America",34.084255,-118.33851,"Contemporary","4"
"Osteria Mozza",2019,"Los Angeles","USA","North America",34.08342,-118.338974,"Italian","3"
"Kali",2019,"Los Angeles","USA","North America",34.083443,-118.32455,"Californian","3"
"Le Comptoir",2019,"Los Angeles","USA","North America",34.06354,-118.30057,"Californian","4"
"Q Sushi",2019,"Los Angeles","USA","North America",34.046883,-118.255844,"Japanese","4"
"Shibumi",2019,"Los Angeles","USA","North America",34.044155,-118.256134,"Japanese","4"
"Hayato",2019,"Los Angeles","USA","North America",34.03311,-118.24265,"Japanese","4"
"Bistro Na's",2019,"Los Angeles","USA","North America",34.104412,-118.07159,"Chinese","2"
"Orsa & Winston",2019,"Los Angeles","USA","North America",33.92145,-118.275406,"Fusion","4"
"Taco María",2019,"Costa Mesa","USA","North America",33.69475,-117.924965,"Mexican","3"
"Hana re",2019,"Costa Mesa","USA","North America",33.67759,-117.886566,"Japanese","4"
"Addison",2019,"San Diego","USA","North America",32.939903,-117.20013,"Contemporary","4"
"Parachute",2019,"Chicago","USA","North America",41.94483,-87.70638,"Fusion","2"
"Goosefoot",2019,"Chicago","USA","North America",41.96856,-87.69596,"Contemporary","4"
"Elizabeth",2019,"Chicago","USA","North America",41.969555,-87.688736,"Contemporary","4"
"EL Ideas",2019,"Chicago","USA","North America",41.863,-87.68686,"Contemporary","4"
"Band of Bohemia",2019,"Chicago","USA","North America",41.967308,-87.67477,"Gastropub","3"
"Schwa",2019,"Chicago","USA","North America",41.90888,-87.66792,"Contemporary","4"
"Temporis",2019,"Chicago","USA","North America",41.898907,-87.66725,"Contemporary","4"
"Entente",2019,"Chicago","USA","North America",41.93721,-87.6652,"Contemporary","3"
"Elske",2019,"Chicago","USA","North America",41.884426,-87.66071,"Contemporary","4"
"Dusek's (Board & Beer)",2019,"Chicago","USA","North America",41.857853,-87.65757,"Gastropub","2"
"Roister",2019,"Chicago","USA","North America",41.886658,-87.65187,"Contemporary","3"
"Boka",2019,"Chicago","USA","North America",41.91363,-87.64806,"Contemporary","3"
"Blackbird",2019,"Chicago","USA","North America",41.88423,-87.64356,"Contemporary","3"
"Sepia",2019,"Chicago","USA","North America",41.88394,-87.64247,"American","3"
"North Pond",2019,"Chicago","USA","North America",41.9296,-87.63762,"Contemporary","3"
"Everest",2019,"Chicago","USA","North America",41.87597,-87.63212,"French","4"
"Topolobampo",2019,"Chicago","USA","North America",41.89047,-87.63085,"Mexican","4"
"Spiaggia",2019,"Chicago","USA","North America",41.90062,-87.62457,"Italian","4"
"Monte",2019,"Rovinj","Croatia","Europe",45.08279,13.631168,"Creative","5"
"Draga di Lovrana",2019,"Lovran","Croatia","Europe",45.275867,14.251401,"Modern cuisine","5"
"Noel",2019,"Zagreb","Croatia","Europe",45.811054,15.988205,"Modern cuisine","5"
"Pelegrini",2019,"Šibenik","Croatia","Europe",43.73603,15.888903,"Modern cuisine","5"
"360º",2019,"Dubrovnik","Croatia","Europe",42.641563,18.111523,"Modern cuisine","5"
"Field",2019,"Praha","Czech Republic","Europe",50.0919,14.42193,"Modern cuisine","5"
"La Degustation Bohême Bourgeoise",2019,"Praha","Czech Republic","Europe",50.09115,14.42511,"Modern cuisine","5"
"Gastromé",2019,"Aarhus","Denmark","Europe",56.15788,10.20937,"Modern cuisine","3"
"Domestic",2019,"Aarhus","Denmark","Europe",56.15893,10.212132,"Modern cuisine","3"
"Substans",2019,"Aarhus","Denmark","Europe",56.15415,10.20372,"Modern cuisine","3"
"Frederikshøj",2019,"Aarhus","Denmark","Europe",56.12497,10.208638,"Creative","4"
"Me‚Mu",2019,"Vejle","Denmark","Europe",55.70901,9.53302,"Modern cuisine","3"
"Ti Trin Ned",2019,"Fredericia","Denmark","Europe",55.56659,9.752689,"Modern cuisine","3"
"Slotskøkkenet",2019,"Hørve","Denmark","Europe",55.771236,11.390805,"Creative","4"
"Søllerød Kro",2019,"København","Denmark","Europe",55.81325,12.49548,"Modern cuisine","2"
"Jordnær",2019,"København","Denmark","Europe",55.748226,12.541014,"Danish","3"
"Relæ",2019,"København","Denmark","Europe",55.693233,12.543222,"Modern cuisine","2"
"Kiin Kiin",2019,"København","Denmark","Europe",55.69188,12.55754,"Thai","2"
"formel B",2019,"København","Denmark","Europe",55.67031,12.53798,"Modern cuisine","2"
"Kokkeriet",2019,"København","Denmark","Europe",55.68768,12.58492,"Modern cuisine","3"
"Clou",2019,"København","Denmark","Europe",55.68342,12.58497,"Modern cuisine","4"
"Marchal",2019,"København","Denmark","Europe",55.68034,12.58508,"Modern cuisine","2"
"Kong Hans Kælder",2019,"København","Denmark","Europe",55.6787,12.584003,"Classic French","4"
"Stud!o at The Standard",2019,"København","Denmark","Europe",55.67799,12.59191,"Creative","3"
"108",2019,"København","Denmark","Europe",55.67785,12.5980835,"Modern cuisine","3"
"Era Ora",2019,"København","Denmark","Europe",55.673004,12.591292,"Italian","2"
"Alouette",2019,"København","Denmark","Europe",55.66265,12.57634,"Modern cuisine","3"
"Frederiksminde",2019,"Præstø","Denmark","Europe",55.12417,12.04623,"Creative","3"
"Kadeau Bornholm",2019,"Pedersker","Denmark","Europe",55.00457,14.969216,"Creative","4"
"Ask",2019,"Helsingfors / Helsinki","Finland","Europe",60.17236,24.95648,"Modern cuisine","3"
"Grön",2019,"Helsingfors / Helsinki","Finland","Europe",60.16446,24.93308,"Finnish","3"
"Demo",2019,"Helsingfors / Helsinki","Finland","Europe",60.164806,24.941635,"Modern cuisine","3"
"Olo",2019,"Helsingfors / Helsinki","Finland","Europe",60.16616,24.947704,"Modern cuisine","3"
"Palace",2019,"Helsingfors / Helsinki","Finland","Europe",60.16556,24.95256,"Modern cuisine","3"
"Ora",2019,"Helsingfors / Helsinki","Finland","Europe",60.157578,24.942947,"Modern cuisine","3"
"Botrini's",2019,"Athína","Greece","Europe",38.02318,23.79377,"Mediterranean","5"
"Varoulko Seaside",2019,"Athína","Greece","Europe",37.937378,23.658577,"Seafood","5"
"Hytra",2019,"Athína","Greece","Europe",37.95818,23.71895,"Modern cuisine","5"
"Loaf On",2019,"Hong Kong","China","Asia",22.379858,114.27188,"Cantonese","2"
"Lei Garden (Kwun Tong)",2019,"Hong Kong","China","Asia",22.312672,114.22482,"Cantonese","1"
"Tim Ho Wan (Sham Shui Po)",2019,"Hong Kong","China","Asia",22.32805,114.16665,"Dim Sum","1"
"Lei Garden (Mong Kok)",2019,"Hong Kong","China","Asia",22.320219,114.17133,"Cantonese","1"
"Ming Court",2019,"Hong Kong","China","Asia",22.318314,114.16933,"Cantonese","3"
"Yat Tung Heen (Jordan)",2019,"Hong Kong","China","Asia",22.308014,114.17147,"Cantonese","2"
"Fu Ho (Tsim Sha Tsui)",2019,"Hong Kong","China","Asia",22.3022,114.17194,"Cantonese","2"
"Shang Palace",2019,"Hong Kong","China","Asia",22.297325,114.177155,"Cantonese","3"
"IM Teppanyaki & Wine",2019,"Hong Kong","China","Asia",22.280807,114.19211,"Teppanyaki","2"
"Ah Yat Harbour View (Tsim Sha Tsui)",2019,"Hong Kong","China","Asia",22.296984,114.17197,"Cantonese","2"
"Rech",2019,"Hong Kong","China","Asia",22.293434,114.174034,"Seafood","4"
"Spring Moon",2019,"Hong Kong","China","Asia",22.294943,114.17182,"Cantonese","3"
"Imperial Treasure Fine Chinese Cuisine",2019,"Hong Kong","China","Asia",22.296177,114.170006,"Cantonese","2"
"Sushi Tokami",2019,"Hong Kong","China","Asia",22.296112,114.16916,"Sushi","5"
"Tosca",2019,"Hong Kong","China","Asia",22.30357,114.16007,"Italian","3"
"Épure",2019,NA,NA,NA,22.29583,114.169304,"French","3"
"Yee Tung Heen",2019,"Hong Kong","China","Asia",22.282295,114.184135,"Cantonese","2"
"Yè Shanghai (Tsim Sha Tsui)",2019,"Hong Kong","China","Asia",22.295143,114.168236,"Shanghainese","1"
"Ho Hung Kee",2019,"Hong Kong","China","Asia",22.280058,114.18364,"Noodles and congee","1"
"Jardin de Jade (Wan Chai)",2019,"Hong Kong","China","Asia",22.28025,114.17716,"Shanghainese","2"
"Zhejiang Heen",2019,"Hong Kong","China","Asia",22.2787,114.17763,"Shanghainese","2"
"Takumi by Daisuke Mori",2019,"Hong Kong","China","Asia",22.276512,114.17718,"Innovative","5"
"Kam's Roast Goose",2019,"Hong Kong","China","Asia",22.277693,114.175385,"Cantonese Roast Meats","1"
"Pang's Kitchen",2019,"Hong Kong","China","Asia",22.26921,114.18452,"Cantonese","1"
"Xin Rong Ji",2019,"Hong Kong","China","Asia",22.278013,114.17273,"Taizhou","3"
"Qi (Wan Chai)",2019,"Hong Kong","China","Asia",22.276443,114.17126,"Sichuan","1"
"Man Wah",2019,"Hong Kong","China","Asia",22.282213,114.15951,"Cantonese","4"
"Summer Palace",2019,"Hong Kong","China","Asia",22.277136,114.1643,"Cantonese","3"
"Octavium",2019,"Hong Kong","China","Asia",22.282587,114.1572,"Italian","3"
"Arbor",2019,NA,NA,NA,22.283146,114.15542,"Innovative","3"
"VEA",2019,"Hong Kong","China","Asia",22.284931,114.15313,"Innovative","5"
"Mandarin Grill + Bar",2019,"Hong Kong","China","Asia",22.281048,114.1574,"European contemporary","4"
"Yat Lok",2019,"Hong Kong","China","Asia",22.28226,114.155655,"Cantonese Roast Meats","1"
"Guo Fu Lou",2019,"Hong Kong","China","Asia",22.278313,114.16034,"Cantonese","3"
"Celebrity Cuisine",2019,"Hong Kong","China","Asia",22.284334,114.15312,"Cantonese","2"
"Sushi Wadatsumi",2019,"Hong Kong","China","Asia",22.281038,114.15646,"Sushi","3"
"Arcane",2019,"Hong Kong","China","Asia",22.280624,114.15682,"European contemporary","3"
"Duddell's",2019,"Hong Kong","China","Asia",22.28008,114.157364,"Cantonese","3"
"Beefbar",2019,"Hong Kong","China","Asia",22.27982,114.15752,"Steakhouse","2"
"New Punjab Club",2019,"Hong Kong","China","Asia",22.28005,114.15525,"Indian","2"
"Kaiseki Den by Saotome",2019,"Hong Kong","China","Asia",22.285713,114.147865,"Japanese","5"
"Belon",2019,"Hong Kong","China","Asia",22.281662,114.152405,"French","3"
"Tate",2019,"Hong Kong","China","Asia",22.280996,114.15276,"Innovative","5"
"The Ocean",2019,"Hong Kong","China","Asia",22.235146,114.198524,"French","5"
"Costes Downtown",2019,"Budapest","Hungary","Europe",47.50113,19.048595,"Modern cuisine","4"
"Borkonyha Winekitchen",2019,"Budapest","Hungary","Europe",47.49953,19.052391,"Modern cuisine","4"
"Stand",2019,"Budapest","Hungary","Europe",47.500244,19.059624,"Modern cuisine","3"
"Babel",2019,"Budapest","Hungary","Europe",47.492603,19.05256,"Modern cuisine","5"
"Costes",2019,"Budapest","Hungary","Europe",47.48873,19.061779,"Modern cuisine","5"
"The Kitchen",2019,"Macau","China","Asia",22.191442,113.543,"Steakhouse","3"
"Tim's Kitchen",2019,"Macau","China","Asia",22.189898,113.5439,"Cantonese","2"
"Wing Lei",2019,"Macau","China","Asia",22.188028,113.54578,"Cantonese","2"
"King",2019,"Macau","China","Asia",22.190178,113.54028,"Cantonese","1"
"Ying",2019,"Macau","China","Asia",22.161234,113.555405,"Cantonese","2"
"Shinji by Kanesaka",2019,"Macau","China","Asia",22.149635,113.56397,"Sushi","4"
"The Golden Peacock",2019,"Macau","China","Asia",22.148178,113.56335,"Indian","1"
"Zi Yat Heen",2019,"Macau","China","Asia",22.145418,113.56152,"Cantonese","2"
"8 1/2 Otto e Mezzo - Bombana",2019,"Macau","China","Asia",22.14918,113.55393,"Italian","3"
"Pearl Dragon",2019,"Macau","China","Asia",22.140524,113.56256,"Cantonese","3"
"Lai Heen",2019,"Macau","China","Asia",22.148754,113.551926,"Cantonese","2"
"FAGN",2019,"Trondheim","Norway","Europe",63.43392,10.39628,"Modern cuisine","4"
"Credo",2019,"Trondheim","Norway","Europe",63.43391,10.39631,"Creative","4"
"RE-NAA",2019,"Stavanger","Norway","Europe",58.972088,5.732877,"Creative","4"
"Sabi Omakase",2019,"Stavanger","Norway","Europe",58.969936,5.7433133,"Sushi","4"
"Galt",2019,"Oslo","Norway","Europe",59.91661,10.71369,"Modern cuisine","3"
"Kontrast",2019,"Oslo","Norway","Europe",59.92355,10.75106,"Scandinavian","3"
"Statholdergaarden",2019,"Oslo","Norway","Europe",59.90937,10.74305,"Classic cuisine","4"
"Del Posto",2019,"New York","USA","North America",40.74327,-74.0077,"Italian","4"
"Le Grill de Joël Robuchon",2019,"New York","USA","North America",40.742897,-74.0077,"French","4"
"L'Appart",2019,"New York","USA","North America",40.711903,-74.01544,"French","4"
"Okuda",2019,"New York","USA","North America",40.743793,-74.00633,"Japanese","4"
"Wallsé",2019,"New York","USA","North America",40.73538,-74.00814,"Austrian","4"
"Jeju Noodle Bar",2019,"New York","USA","North America",40.732952,-74.00744,"Korean","2"
"Sushi Nakazawa",2019,"New York","USA","North America",40.731716,-74.00451,"Japanese","4"
"Kosaka",2019,"New York","USA","North America",40.738316,-74.00137,"Japanese","4"
"Bâtard",2019,"New York","USA","North America",40.719616,-74.00589,"Contemporary","4"
"Hirohisa",2019,"New York","USA","North America",40.72452,-74.003006,"Japanese","3"
"Blue Hill",2019,"New York","USA","North America",40.7321,-73.9996,"American","4"
"ZZ's Clam Bar",2019,"New York","USA","North America",40.727646,-74.00046,"Seafood","4"
"Babbo",2019,"New York","USA","North America",40.73233,-73.99916,"Italian","4"
"Carbone",2019,"New York","USA","North America",40.727966,-74.00017,"Italian","4"
"Le Coucou",2019,"New York","USA","North America",40.719162,-74.00001,"French","3"
"Aldea",2019,"New York","USA","North America",40.73885,-73.99366,"Mediterranean","4"
"Cote",2019,"New York","USA","North America",40.73778,-73.99375,"Korean","3"
"Bouley at Home",2019,"New York","USA","North America",40.74114,-73.99242,"Contemporary","3"
"Gotham Bar and Grill",2019,"New York","USA","North America",40.73417,-73.99379,"American","4"
"Nix",2019,"New York","USA","North America",40.733166,-73.993515,"Vegetarian","3"
"Junoon",2019,"New York","USA","North America",40.74325,-73.99077,"Indian","4"
"NoMad",2019,"New York","USA","North America",40.74497,-73.98883,"Contemporary","4"
"The Musket Room",2019,"New York","USA","North America",40.723915,-73.99375,"Contemporary","3"
"Uncle Boons",2019,"New York","USA","North America",40.721203,-73.99441,"Thai","2"
"Noda",2019,"New York","USA","North America",40.74497,-73.988075,"Japanese","4"
"Gramercy Tavern",2019,"New York","USA","North America",40.73849,-73.98868,"Contemporary","4"
"The Clocktower",2019,"New York","USA","North America",40.7414,-73.987595,"Contemporary","3"
"Ai Fiori",2019,"New York","USA","North America",40.75013,-73.98357,"Italian","4"
"Casa Mono",2019,"New York","USA","North America",40.73595,-73.98706,"Spanish","3"
"Jewel Bako",2019,"New York","USA","North America",40.72713,-73.98928,"Japanese","3"
"The River Café",2019,"New York","USA","North America",40.703613,-73.994774,"Contemporary","4"
"Bar Uchū",2019,"New York","USA","North America",40.72191,-73.99003,"Japanese","4"
"Café China",2019,"New York","USA","North America",40.749973,-73.98228,"Chinese","2"
"Kanoyama",2019,"New York","USA","North America",40.73071,-73.98655,"Japanese","3"
"Contra",2019,"New York","USA","North America",40.719917,-73.98922,"Contemporary","4"
"Atomix",2019,"New York","USA","North America",40.744408,-73.98292,"Korean","4"
"Kyo Ya",2019,"New York","USA","North America",40.7266,-73.98526,"Japanese","3"
"Kajitsu",2019,"New York","USA","North America",40.72776,-73.98428,"Japanese","3"
"Agern",2019,"New York","USA","North America",40.75234,-73.9775,"Scandinavian","4"
"Caviar Russe",2019,"New York","USA","North America",40.760685,-73.97355,"Contemporary","4"
"Tuome",2019,"New York","USA","North America",40.724194,-73.9828,"Fusion","2"
"Tempura Matsui",2019,"New York","USA","North America",40.74839,-73.97474,"Japanese","4"
"Sushi Yasuda",2019,"New York","USA","North America",40.75108,-73.97364,"Japanese","4"
"Sushi Amane",2019,"New York","USA","North America",40.75133,-73.971725,"Japanese","4"
"Café Boulud",2019,"New York","USA","North America",40.77439,-73.96414,"French","4"
"Claro",2019,"New York","USA","North America",40.677395,-73.98615,"Mexican","2"
"Satsuki",2019,"New York","USA","North America",40.801243,-73.95187,"Japanese","4"
"Sushi Noz",2019,"New York","USA","North America",40.77384,-73.958275,"Japanese","4"
"Sushi Inoue",2019,"New York","USA","North America",40.810448,-73.943726,"Japanese","4"
"Meadowsweet",2019,"New York","USA","North America",40.710354,-73.96317,"Mediterranean","3"
"Casa Enríque",2019,"New York","USA","North America",40.743492,-73.95425,"Mexican","2"
"Peter Luger",2019,"New York","USA","North America",40.70986,-73.96263,"Steakhouse","4"
"Oxomoco",2019,"New York","USA","North America",40.730057,-73.95538,"Mexican","3"
"The Finch",2019,"New York","USA","North America",40.68704,-73.96297,"American","3"
"Faro",2019,"New York","USA","North America",40.707584,-73.923035,"American","2"
"Senses",2019,"Warszawa","Poland","Europe",52.244583,21.005886,"Modern cuisine","5"
"atelier Amaro",2019,"Warszawa","Poland","Europe",52.21708,21.03768,"Modern cuisine","4"
"Aniar",2019,"Gaillimh/Galway","Ireland","Europe",53.27112,-9.057078,"Creative",NA
"Loam",2019,"Gaillimh/Galway","Ireland","Europe",53.27384,-9.044447,"Creative",NA
"Wild Honey Inn",2019,"Lios Dúin Bhearna/Lisdoonvarna","Ireland","Europe",53.03151,-9.2911,"Classic cuisine",NA
"Chestnut",2019,"Ballydehob","Ireland","Europe",51.562588,-9.460854,"Modern cuisine",NA
"Mews",2019,"Baltimore","Ireland","Europe",51.48285,-9.37234,"Modern cuisine",NA
"Ichigo Ichie",2019,"Corcaigh/Cork","Ireland","Europe",51.898167,-8.479933,"Japanese",NA
"Chapter One",2019,"City Centre","Ireland","Europe",53.354374,-6.263786,"Modern cuisine",NA
"Greenhouse",2019,"City Centre","Ireland","Europe",53.340042,-6.258506,"Modern cuisine",NA
"L'Ecrivain",2019,"City Centre","Ireland","Europe",53.33627,-6.24834,"Modern cuisine",NA
"Campagne",2019,"Cill Chainnigh/Kilkenny","Ireland","Europe",52.6559,-7.2464285,"Modern British",NA
"Heron & Grey",2019,"Blackrock","Ireland","Europe",53.30143,-6.177574,"Modern cuisine",NA
"Lady Helen",2019,"Baile Mhic Andáin/Thomastown","Ireland","Europe",52.526096,-7.188277,"Modern cuisine",NA
"House",2019,"Aird Mhór/Ardmore","Ireland","Europe",51.94777,-7.7135396,"Modern cuisine",NA
"Olympe",2019,"Rio de Janeiro - 22470","Brazil","South America",-22.96109,-43.20658,"French","5"
"Lasai",2019,"Rio de Janeiro - 22271","Brazil","South America",-22.95401,-43.19557,"modern","5"
"Oteque",2019,"Rio de Janeiro - 22271","Brazil","South America",-22.95747,-43.194424,"modern","5"
"Mee",2019,"Rio de Janeiro - 22021","Brazil","South America",-22.96764,-43.17925,"Asian influences","5"
"Cipriani",2019,"Rio de Janeiro - 22021","Brazil","South America",-22.96755,-43.17901,"Italian","5"
"Jun Sakamoto",2019,"São Paulo - 05413","Brazil","South America",-23.56318,-46.67737,"Japanese","5"
"Maní",2019,"São Paulo - 05415","Brazil","South America",-23.56621,-46.67974,"creative","5"
"Evvai",2019,"São Paulo - 05415","Brazil","South America",-23.567078,-46.679146,"modern","5"
"Picchi",2019,"São Paulo - 01426","Brazil","South America",-23.565063,-46.666767,"Italian","5"
"Kosushi",2019,"São Paulo - 04538","Brazil","South America",-23.58522,-46.6809,"Japanese","3"
"Ryo Gastronomia",2019,"São Paulo - 04531","Brazil","South America",-23.58132,-46.6767,"Japanese","5"
"Tangará Jean-Georges",2019,"São Paulo - 05706","Brazil","South America",-23.634005,-46.72428,"modern","5"
"Kinoshita",2019,"São Paulo - 04509","Brazil","South America",-23.59159,-46.67146,"Japanese","5"
"Kan Suke",2019,"São Paulo - 01401","Brazil","South America",-23.5684,-46.64936,"Japanese","5"
"Huto",2019,"São Paulo - 04080","Brazil","South America",-23.60882,-46.6598,"Japanese","5"
"Stay",2019,"Seoul","South Korea","Asia",37.513004,127.10257,"French contemporary","3"
"Lee Jong Kuk 104",2019,"Seoul","South Korea","Asia",37.592903,126.997284,"Korean","4"
"Hansikgonggan",2019,"Seoul","South Korea","Asia",37.577705,126.98852,"Korean","3"
"Dining in Space",2019,"Seoul","South Korea","Asia",37.57761,126.98845,"French contemporary","3"
"Exquisine",2019,"Seoul","South Korea","Asia",37.521046,127.049736,"Innovative","3"
"Dosa",2019,"Seoul","South Korea","Asia",37.52445,127.04441,"Innovative","3"
"Joo Ok",2019,"Seoul","South Korea","Asia",37.52252,127.04396,"Korean contemporary","3"
"Balwoo Gongyang",2019,"Seoul","South Korea","Asia",37.57389,126.98318,"Temple cuisine","2"
"Muoki",2019,"Seoul","South Korea","Asia",37.518963,127.04217,"Innovative","3"
"L'Amitié",2019,"Seoul","South Korea","Asia",37.522675,127.032646,"French","3"
"Yu Yuan",2019,"Seoul","South Korea","Asia",37.57045,126.97534,"Chinese","3"
"Bicena",2019,"Seoul","South Korea","Asia",37.5384,127.00135,"Korean","3"
"Mosu",2019,"Seoul","South Korea","Asia",37.536415,126.99934,"Innovative","5"
"Poom",2019,"Seoul","South Korea","Asia",37.54903,126.98341,"Korean","3"
"Soigné",2019,"Seoul","South Korea","Asia",37.49816,127.002,"Innovative","3"
"Table for Four",2019,"Seoul","South Korea","Asia",37.49769,126.99442,"European contemporary","3"
"Zero Complex",2019,"Seoul","South Korea","Asia",37.49417,126.9948,"Innovative","3"
"Jin Jin",2019,"Seoul","South Korea","Asia",37.55777,126.91324,"Chinese","1"
"Gotgan",2019,"Seoul","South Korea","Asia",37.52212,126.92022,"Korean","4"
"Hill Street Tai Hwa Pork Noodle",2018,"Singapore","Singapore","Asia",1.3052,103.8624,"Street Food","1"
"Putien (Kitchener Road)",2018,"Singapore","Singapore","Asia",1.30969,103.8573,"Fujian","1"
"Chef Kang's",2018,"Singapore","Singapore","Asia",1.304735,103.84955,"Cantonese","3"
"Garibaldi",2018,"Singapore","Singapore","Asia",1.296564,103.855,"Italian","1"
"Summer Pavilion",2018,"Singapore","Singapore","Asia",1.291284,103.8603,"Cantonese","2"
"Shinji (Bras Basah Road)",2018,"Singapore","Singapore","Asia",1.2959028,103.8539,"Sushi","2"
"The Song of India",2018,"Singapore","Singapore","Asia",1.310767,103.8353,"Indian","1"
"Lei Garden",2018,"Singapore","Singapore","Asia",1.295228,103.8521,"Cantonese","1"
"Whitegrass",2018,"Singapore","Singapore","Asia",1.295452,103.8516,"Australian","2"
"Jaan",2018,"Singapore","Singapore","Asia",1.293184,103.8529,"French contemporary","3"
"Labyrinth",2018,"Singapore","Singapore","Asia",1.2899688,103.8562,"Innovative","2"
"Cut",2018,"Singapore","Singapore","Asia",1.2853268,103.8607,"Steakhouse","3"
"Alma",2018,"Singapore","Singapore","Asia",1.309123,103.834,"European contemporary","1"
"Béni",2018,"Singapore","Singapore","Asia",1.302379,103.8366,"French contemporary","2"
"Crystal Jade Golden Palace",2018,"Singapore","Singapore","Asia",1.303244,103.8353,"Chinese","1"
"Imperial Treasure Fine Teochew Cuisine (Orchard)",2018,"Singapore","Singapore","Asia",1.3032448,103.8349,"Chinese","1"
"Saint Pierre",2018,"Singapore","Singapore","Asia",1.285781,103.8538,"French contemporary","2"
"Sushi Ichi",2018,"Singapore","Singapore","Asia",1.305105,103.8324,"Sushi","3"
"Sushi Kimura",2018,"Singapore","Singapore","Asia",1.3063719,103.829475,"Sushi","4"
"Iggy's",2018,"Singapore","Singapore","Asia",1.305986,103.8294,"European contemporary","3"
"Braci",2018,"Singapore","Singapore","Asia",1.287212,103.84949,"Italian contemporary","2"
"Jiang-Nan Chun",2018,"Singapore","Singapore","Asia",1.304937,103.8288,"Cantonese","3"
"Bacchanalia",2018,"Singapore","Singapore","Asia",1.2874758,103.8474,"Innovative","2"
"Shinji (Tanglin Road)",2018,"Singapore","Singapore","Asia",1.305821,103.8257,"Sushi","4"
"Corner House",2018,"Singapore","Singapore","Asia",1.315121,103.8154,"Innovative","2"
"Summer Palace",2018,"Singapore","Singapore","Asia",1.3043848,103.825,"Cantonese","1"
"Cheek by Jowl",2018,"Singapore","Singapore","Asia",1.281301,103.84849,"Australian","1"
"Nouri",2018,"Singapore","Singapore","Asia",1.28086,103.84713,"Innovative","1"
"Liao Fan Hong Kong Soya Sauce Chicken Rice & Noodle",2018,"Singapore","Singapore","Asia",1.28248,103.8439,"Street Food","1"
"Burnt Ends",2018,"Singapore","Singapore","Asia",1.280501,103.8418,"Barbecue","2"
"Rhubarb",2018,"Singapore","Singapore","Asia",1.279368,103.843,"French contemporary","1"
"Meta",2018,"Singapore","Singapore","Asia",1.279372,103.8415,"Innovative","2"
"Ma Cuisine",2018,"Singapore","Singapore","Asia",1.27826,103.842,"French","1"
"Candlenut",2018,"Singapore","Singapore","Asia",1.2797709,103.8402,"Peranakan","1"
"Bhoga",2019,"Göteborg","Sweden","Europe",57.70618,11.9624,"Creative","3"
"Koka",2019,"Göteborg","Sweden","Europe",57.698406,11.965365,"Modern cuisine","3"
"28+",2019,"Göteborg","Sweden","Europe",57.69809,11.97377,"Modern cuisine","3"
"SK Mat & Människor",2019,"Göteborg","Sweden","Europe",57.69688,11.98338,"Modern cuisine","3"
"Thörnströms Kök",2019,"Göteborg","Sweden","Europe",57.69437,11.977609,"Classic cuisine","3"
"Upper House",2019,"Göteborg","Sweden","Europe",57.69745,11.99021,"Creative","4"
"Agrikultur",2019,"Stockholm","Sweden","Europe",59.34777,18.05863,"Modern cuisine","4"
"Sushi Sho",2019,"Stockholm","Sweden","Europe",59.341286,18.049892,"Japanese","3"
"Volt",2019,"Stockholm","Sweden","Europe",59.33867,18.079683,"Creative","3"
"Ekstedt",2019,"Stockholm","Sweden","Europe",59.33674,18.07521,"Meats and grills","3"
"Operakällaren",2019,"Stockholm","Sweden","Europe",59.329876,18.071363,"Classic cuisine","4"
"Mathias Dahlgren-Matbaren",2019,"Stockholm","Sweden","Europe",59.32935,18.07543,"Modern cuisine","2"
"Aloë",2019,"Stockholm","Sweden","Europe",59.2842,17.985748,"Creative","4"
"PM & Vänner",2019,"Växjö","Sweden","Europe",56.87892,14.80387,"Creative","3"
"Bloom in the Park",2019,"Malmö","Sweden","Europe",55.59064,12.99794,"Creative","2"
"SAV",2019,"Malmö","Sweden","Europe",55.53376,13.00537,"Creative","3"
"Golden Formosa",2019,"Taipei","China","Asia",25.118216,121.53623,"Taiwanese","2"
"Danny's Steakhouse",2019,"Taipei","China","Asia",25.082657,121.552765,"Steakhouse","2"
"L'Atelier de Joël Robuchon",2019,"Taipei","China","Asia",25.039188,121.56771,"French contemporary","3"
"Kitcho",2019,"Taipei","China","Asia",25.04429,121.55076,"Sushi","4"
"Tien Hsiang Lo",2019,"Taipei","China","Asia",25.062696,121.529976,"Hang Zhou","2"
"Ya Ge",2019,"Taipei","China","Asia",25.06625,121.52533,"Cantonese","2"
"Da-Wan",2019,"Taipei","China","Asia",25.043018,121.55019,"Barbecue","3"
"Sushi Nomura",2019,"Taipei","China","Asia",25.03618,121.55465,"Sushi","3"
"logy",2019,"Taipei","China","Asia",25.03561,121.55323,"Asian contemporary","4"
"Ming Fu",2019,"Taipei","China","Asia",25.06171,121.52399,"Taiwanese","3"
"Ken An Ho",2019,"Taipei","China","Asia",25.034622,121.55281,"Japanese","4"
"Sushi Ryu",2019,"Taipei","China","Asia",25.055832,121.52724,"Sushi","4"
"MUME",2019,"Taipei","China","Asia",25.036266,121.54809,"European contemporary","3"
"Impromptu by Paul Lee",2019,"Taipei","China","Asia",25.05429,121.524254,"Innovative","3"
"Longtail",2019,"Taipei","China","Asia",25.023922,121.54841,"Innovative","2"
"Mountain and Sea House",2019,"Taipei","China","Asia",25.038046,121.531395,"Taiwanese","2"
"Da San Yuan",2019,"Taipei","China","Asia",25.042248,121.512215,"Cantonese","1"
"Tainan Tan Tsu Mien Seafood",2019,"Taipei","China","Asia",25.03799,121.4984,"Seafood","2"
"Suan Thip",2019,"Bangkok","Thailand","Asia",13.926962,100.502144,"Thai","1"
"Upstairs at Mikkeller",2019,"Bangkok","Thailand","Asia",13.727946,100.58844,"Innovative","5"
"Chim by Siam Wisdom",2019,"Bangkok","Thailand","Asia",13.740706,100.56789,"Thai","3"
"R-Haan",2019,"Bangkok","Thailand","Asia",13.731805,100.57972,"Thai","4"
"Canvas",2019,"Bangkok","Thailand","Asia",13.728886,100.580826,"Innovative","4"
"Bo.lan",2019,"Bangkok","Thailand","Asia",13.726389,100.57799,"Thai","5"
"Sra Bua by Kiin Kiin",2019,"Bangkok","Thailand","Asia",13.754137,100.53451,"Thai Contemporary","3"
"Elements",2019,"Bangkok","Thailand","Asia",13.742978,100.54798,"French contemporary","4"
"Paste",2019,"Bangkok","Thailand","Asia",13.744594,100.540565,"Thai","3"
"Ginza Sushi ichi",2019,"Bangkok","Thailand","Asia",13.744069,100.54092,"Sushi","4"
"Sorn",2019,"Bangkok","Thailand","Asia",13.723242,100.56848,"Southern Thai","5"
"Savelberg",2019,"Bangkok","Thailand","Asia",13.738216,100.54642,"French contemporary","3"
"Saneh Jaan",2019,"Bangkok","Thailand","Asia",13.735739,100.54605,"Thai","2"
"Gaa",2019,"Bangkok","Thailand","Asia",13.737806,100.54275,"Innovative","4"
"Methavalai Sorndaeng",2019,"Bangkok","Thailand","Asia",13.756321,100.502045,"Thai","2"
"Jay Fai",2019,"Bangkok","Thailand","Asia",13.752614,100.50466,"Street Food","2"
"Nahm",2019,"Bangkok","Thailand","Asia",13.724357,100.53926,"Thai","3"
"J'AIME by Jean-Michel Lorain",2019,"Bangkok","Thailand","Asia",13.718885,100.546326,"French contemporary","3"
"Saawaan",2019,"Bangkok","Thailand","Asia",13.721809,100.53741,"Thai Contemporary","4"
"Le Du",2019,"Bangkok","Thailand","Asia",13.725005,100.52939,"Thai","4"
"Ruean Panya",2019,"Bangkok","Thailand","Asia",13.558403,100.28264,"Thai","2"
"PRU",2019,"Phuket","Thailand","Asia",8.034298,98.2764,"Innovative","5"
"Blue Duck Tavern",2019,"Washington, D.C.","USA","North America",38.905373,-77.05128,"American","3"
"Tail Up Goat",2019,"Washington, D.C.","USA","North America",38.9235,-77.043274,"Contemporary","2"
"Komi",2019,"Washington, D.C.","USA","North America",38.910107,-77.03836,"Mediterranean","4"
"Sushi Taro",2019,"Washington, D.C.","USA","North America",38.909992,-77.03834,"Japanese","4"
"Plume",2019,"Washington, D.C.","USA","North America",38.906,-77.03671,"European","4"
"Siren by RW",2019,"Washington, D.C.","USA","North America",38.907776,-77.035446,"Seafood","3"
"Bresca",2019,"Washington, D.C.","USA","North America",38.91584,-77.0321,"Contemporary","2"
"The Dabney",2019,"Washington, D.C.","USA","North America",38.906292,-77.024666,"American","2"
"Métier",2019,"Washington, D.C.","USA","North America",38.903503,-77.0218,"Contemporary","4"
"Kinship",2019,"Washington, D.C.","USA","North America",38.903282,-77.0218,"Contemporary","3"
"Fiola",2019,"Washington, D.C.","USA","North America",38.89416,-77.02032,"Italian","4"
"Masseria",2019,"Washington, D.C.","USA","North America",38.909504,-76.99908,"Italian","3"
"Rose's Luxury",2019,"Washington, D.C.","USA","North America",38.88064,-76.99515,"Contemporary","2"
"Loch Bay",2019,"Waternish","United Kingdom","Europe",57.51487,-6.57114,"Modern cuisine",NA
"Braidwoods",2019,"Dalry","United Kingdom","Europe",55.69474,-4.7425,"Classic cuisine",NA
"Eipic",2019,"Belfast","United Kingdom","Europe",54.595898,-5.9322424,"Modern cuisine",NA
"OX",2019,"Belfast","United Kingdom","Europe",54.59891,-5.92198,"Modern British",NA
"The Peat Inn",2019,"Peat Inn","United Kingdom","Europe",56.27861,-2.8845797,"Classic cuisine",NA
"Kitchin",2019,"Leith","United Kingdom","Europe",55.976967,-3.172842,"Modern cuisine",NA
"Martin Wishart",2019,"Leith","United Kingdom","Europe",55.97552,-3.17019,"Modern cuisine",NA
"Number One",2019,"Edinburgh","United Kingdom","Europe",55.95298,-3.18966,"Modern cuisine",NA
"21212",2019,"Edinburgh","United Kingdom","Europe",55.95674,-3.18018,"Creative",NA
"The Cellar",2019,"Anstruther","United Kingdom","Europe",56.222126,-2.696321,"Modern cuisine",NA
"Forest Side",2019,"Grasmere","United Kingdom","Europe",54.46396,-3.0157998,"Modern British",NA
"HRiSHi",2019,"Bowness-on-Windermere","United Kingdom","Europe",54.35013,-2.91172,"Modern cuisine",NA
"Rogan & Co",2019,"Cartmel","United Kingdom","Europe",54.20074,-2.95464,"Creative British",NA
"House of Tides",2019,"Newcastle upon Tyne","United Kingdom","Europe",54.96758,-1.61127,"Modern cuisine",NA
"Sosban & The Old Butchers",2019,"Menai Bridge/Porthaethwy","United Kingdom","Europe",53.225925,-4.163006,"Modern cuisine",NA
"Northcote",2019,"Langho","United Kingdom","Europe",53.80933,-2.4476,"Modern British",NA
"Yorke Arms",2019,"Pateley Bridge","United Kingdom","Europe",54.13435,-1.8183095,"Modern cuisine",NA
"Fraiche",2019,"Birkenhead","United Kingdom","Europe",53.38183,-3.04307,"Creative",NA
"White Swan",2019,"Fence","United Kingdom","Europe",53.83916,-2.25097,"Modern British",NA
"Tyddyn Llan",2019,"Llandrillo","United Kingdom","Europe",52.92405,-3.44329,"Classic cuisine",NA
"Ynyshir",2019,"Machynlleth","United Kingdom","Europe",52.54476,-3.94491,"Creative",NA
"Black Swan",2019,"Oldstead","United Kingdom","Europe",54.21205,-1.1879199,"Modern British",NA
"Simon Radley at Chester Grosvenor",2019,"Chester","United Kingdom","Europe",53.19064,-2.88913,"Modern cuisine",NA
"Star Inn at Harome",2019,"Harome","United Kingdom","Europe",54.23101,-1.01023,"Modern British",NA
"The Man Behind The Curtain",2019,"Leeds","United Kingdom","Europe",53.798286,-1.539937,"Creative",NA
"The Checkers",2019,"Montgomery/Trefaldwyn","United Kingdom","Europe",52.55568,-3.13769,"French",NA
"Pipe and Glass",2019,"South Dalton","United Kingdom","Europe",53.8955,-0.53301,"Modern British",NA
"Fischer's at Baslow Hall",2019,"Baslow","United Kingdom","Europe",53.25055,-1.6269798,"Modern cuisine",NA
"Winteringham Fields",2019,"Winteringham","United Kingdom","Europe",53.68778,-0.59013,"Modern cuisine",NA
"Thomas Carr @ The Olive Room",2019,"Ilfracombe","United Kingdom","Europe",51.209476,-4.118807,"Seafood",NA
"Walnut Tree",2019,"Llanddewi Skirrid","United Kingdom","Europe",51.84534,-2.95438,"Modern British",NA
"Paul Ainsworth at No.6",2019,"Padstow","United Kingdom","Europe",50.541534,-4.9398518,"Modern cuisine",NA
"Simpsons",2019,"Birmingham","United Kingdom","Europe",52.46925,-1.9238801,"Modern cuisine",NA
"Purnell's",2019,"Birmingham","United Kingdom","Europe",52.48268,-1.9018,"Modern cuisine",NA
"Adam's",2019,"Birmingham","United Kingdom","Europe",52.47964,-1.900286,"Modern cuisine",NA
"Outlaw's Fish Kitchen",2019,"Port Isaac","United Kingdom","Europe",50.59206,-4.832,"Seafood",NA
"Carters of Moseley",2019,"Birmingham","United Kingdom","Europe",52.44588,-1.88384,"Modern British",NA
"Peel's",2019,"Hampton in Arden","United Kingdom","Europe",52.4259,-1.70536,"Creative British",NA
"John's House",2019,"Mountsorrel","United Kingdom","Europe",52.73295,-1.145851,"Modern cuisine",NA
"The Whitebrook",2019,"Whitebrook","United Kingdom","Europe",51.759697,-2.686909,"Modern British",NA
"James Sommerin",2019,"Penarth","United Kingdom","Europe",51.434387,-3.167951,"Modern cuisine",NA
"Driftwood",2019,"Portscatho","United Kingdom","Europe",50.1889,-4.97088,"Modern cuisine",NA
"The Cross at Kenilworth",2019,"Kenilworth","United Kingdom","Europe",52.350315,-1.5801147,"Classic cuisine",NA
"Masons Arms",2019,"Knowstone","United Kingdom","Europe",50.99547,-3.67163,"Classic French",NA
"Salt",2019,"Stratford-upon-Avon","United Kingdom","Europe",52.18963,-1.7092043,"Modern British",NA
"Le Champignon Sauvage",2019,"Cheltenham","United Kingdom","Europe",51.89146,-2.07912,"Modern cuisine",NA
"Gidleigh Park",2019,"Chagford","United Kingdom","Europe",50.67658,-3.87354,"Modern cuisine",NA
"Hambleton Hall",2019,"Upper Hambleton","United Kingdom","Europe",52.65737,-0.66812,"Classic cuisine",NA
"wilks",2019,"Bristol","United Kingdom","Europe",51.46737,-2.6069899,"Modern British",NA
"Bulrush",2019,"Bristol","United Kingdom","Europe",51.46278,-2.597758,"Modern British",NA
"Casamia",2019,"Bristol","United Kingdom","Europe",51.447254,-2.5940728,"Creative",NA
"Paco Tapas",2019,"Bristol","United Kingdom","Europe",51.44647,-2.59358,"Spanish",NA
"Pony & Trap",2019,"Chew Magna","United Kingdom","Europe",51.34938,-2.5925994,"Modern British",NA
"The Dining Room",2019,"Malmesbury","United Kingdom","Europe",51.58376,-2.14954,"Asian influences",NA
"Bybrook",2019,"Castle Combe","United Kingdom","Europe",51.49382,-2.23212,"Modern British",NA
"Restaurant Hywel Jones by Lucknam Park",2019,"Colerne","United Kingdom","Europe",51.45502,-2.25941,"Modern British",NA
"Olive Tree",2019,"Bath","United Kingdom","Europe",51.38707,-2.3627,"Modern cuisine",NA
"Lympstone Manor",2019,"Lympstone","United Kingdom","Europe",50.64069,-3.4186063,"Modern cuisine",NA
"The Neptune",2019,"Hunstanton","United Kingdom","Europe",52.9511,0.50927,"Modern cuisine",NA
"Elephant",2019,"Torquay","United Kingdom","Europe",50.45853,-3.52438,"Modern British",NA
"Oxford Kitchen",2019,"Oxford","United Kingdom","Europe",51.776733,-1.264794,"Modern British",NA
"Nut Tree",2019,"Murcott","United Kingdom","Europe",51.83618,-1.1499,"Traditional British",NA
"Morston Hall",2019,"Morston","United Kingdom","Europe",52.95473,0.98729,"Modern British",NA
"Red Lion Freehouse",2019,"East Chisenbury","United Kingdom","Europe",51.2736,-1.8007996,"Classic cuisine",NA
"Blackbird",2019,"Newbury","United Kingdom","Europe",51.420887,-1.3493549,"Classic cuisine",NA
"Woodspeen",2019,"Newbury","United Kingdom","Europe",51.415802,-1.353532,"Modern cuisine",NA
"The Coach",2019,"Marlow","United Kingdom","Europe",51.571712,-0.7772678,"Modern British",NA
"Crown",2019,"Burchett's Green","United Kingdom","Europe",51.524807,-0.7915291,"Regional cuisine",NA
"L'Ortolan",2019,"Shinfield","United Kingdom","Europe",51.40833,-0.9542898,"French",NA
"Hinds Head",2019,"Bray","United Kingdom","Europe",51.51265,-0.69641,"Traditional British",NA
"Black Rat",2019,"Winchester","United Kingdom","Europe",51.05796,-1.3069497,"Modern cuisine",NA
"Matt Worswick at The Latymer",2019,"Bagshot","United Kingdom","Europe",51.35764,-0.7086128,"Modern cuisine",NA
"Coworth Park",2019,"Ascot","United Kingdom","Europe",51.40463,-0.616715,"Modern cuisine",NA
"Tudor Room",2019,"Egham","United Kingdom","Europe",51.41759,-0.545847,"Modern cuisine",NA
"The Glasshouse",2019,"Kew","United Kingdom","Europe",51.4771,-0.28574,"Modern cuisine",NA
"La Trompette",2019,"Chiswick","United Kingdom","Europe",51.49222,-0.25619,"Modern British",NA
"Tim Allen's Flitch of Bacon",2019,"Little Dunmow","United Kingdom","Europe",51.86747,0.404134,"Modern British",NA
"River Café",2019,"Hammersmith","United Kingdom","Europe",51.48395,-0.22423,"Italian",NA
"Kitchen W8",2019,"Kensington","United Kingdom","Europe",51.49918,-0.19692,"Modern cuisine",NA
"Trishna",2019,"Marylebone","United Kingdom","Europe",51.51834,-0.153031,"Indian",NA
"Roganic",2019,"Marylebone","United Kingdom","Europe",51.518314,-0.1520875,"Creative British",NA
"Locanda Locatelli",2019,"Marylebone","United Kingdom","Europe",51.51514,-0.15675,"Italian",NA
"Texture",2019,"Marylebone","United Kingdom","Europe",51.51488,-0.15664,"Creative",NA
"Portland",2019,"Regent's Park","United Kingdom","Europe",51.519726,-0.142555,"Modern cuisine",NA
"Harwood Arms",2019,"Fulham","United Kingdom","Europe",51.48291,-0.19651,"Modern British",NA
"Pied à Terre",2019,"Bloomsbury","United Kingdom","Europe",51.519,-0.13511,"Creative",NA
"The Ninth",2019,"Bloomsbury","United Kingdom","Europe",51.51875,-0.1350068,"Mediterranean cuisine",NA
"Kai",2019,"Mayfair","United Kingdom","Europe",51.50871,-0.15162,"Chinese",NA
"Pollen Street Social",2019,"Mayfair","United Kingdom","Europe",51.5133,-0.14234,"Creative",NA
"Hakkasan Mayfair",2019,"Mayfair","United Kingdom","Europe",51.51037,-0.14475,"Chinese",NA
"The Square",2019,"Mayfair","United Kingdom","Europe",51.51069,-0.14401,"Creative French",NA
"Alyn Williams at The Westbury",2019,"Mayfair","United Kingdom","Europe",51.51118,-0.14303,"Modern cuisine",NA
"Benares",2019,"Mayfair","United Kingdom","Europe",51.50973,-0.14494,"Indian",NA
"Hakkasan Hanway Place",2019,"Bloomsbury","United Kingdom","Europe",51.5171,-0.13144,"Chinese",NA
"Social Eating House",2019,"Soho","United Kingdom","Europe",51.51383,-0.13673,"Modern cuisine",NA
"Galvin at Windows",2019,"Mayfair","United Kingdom","Europe",51.50539,-0.15039,"Modern cuisine",NA
"Murano",2019,"Mayfair","United Kingdom","Europe",51.50707,-0.14722,"Italian",NA
"Marcus",2019,"Belgravia","United Kingdom","Europe",51.50171,-0.15614,"Modern cuisine",NA
"Sabor",2019,"Mayfair","United Kingdom","Europe",51.511368,-0.1396773,"Spanish",NA
"Clock House",2019,"Ripley","United Kingdom","Europe",51.30044,-0.49287,"Modern cuisine",NA
"Yauatcha Soho",2019,"Soho","United Kingdom","Europe",51.51367,-0.1352,"Chinese",NA
"Céleste",2019,"Belgravia","United Kingdom","Europe",51.502422,-0.1522617,"Creative French",NA
"Gymkhana",2019,"Mayfair","United Kingdom","Europe",51.50854,-0.14154,"Indian",NA
"Amaya",2019,"Belgravia","United Kingdom","Europe",51.49912,-0.15731,"Indian",NA
"Pétrus",2019,"Belgravia","United Kingdom","Europe",51.49951,-0.15662,"French",NA
"Veeraswamy",2019,"Mayfair","United Kingdom","Europe",51.51008,-0.13809,"Indian",NA
"Barrafina",2019,"Soho","United Kingdom","Europe",51.51375,-0.1318,"Spanish",NA
"Hide",2019,"Mayfair","United Kingdom","Europe",51.506077,-0.144289,"Modern British",NA
"Ritz Restaurant",2019,"Westminster","United Kingdom","Europe",51.50728,-0.14141,"Modern British",NA
"Elystan Street",2019,"Chelsea","United Kingdom","Europe",51.49124,-0.16724,"Modern British",NA
"Seven Park Place",2019,"Saint James's","United Kingdom","Europe",51.50623,-0.13998,"Modern cuisine",NA
"Ikoyi",2019,"Saint James's","United Kingdom","Europe",51.509212,-0.1334389,"Creative",NA
"Aquavit",2019,"Saint James's","United Kingdom","Europe",51.508713,-0.1334072,"Scandinavian",NA
"Five Fields",2019,"Chelsea","United Kingdom","Europe",51.49168,-0.16124,"Modern cuisine",NA
"Dining Room at The Goring",2019,"Victoria","United Kingdom","Europe",51.49763,-0.14556,"Traditional British",NA
"St John",2019,"Clerkenwell","United Kingdom","Europe",51.52064,-0.10133,"Traditional British",NA
"Quilon",2019,"Victoria","United Kingdom","Europe",51.49863,-0.13726,"Indian",NA
"Club Gascon",2019,"London","United Kingdom","Europe",51.51857,-0.10031,"French",NA
"A. Wong",2019,"Victoria","United Kingdom","Europe",51.49318,-0.14128,"Chinese",NA
"The Clove Club",2019,"Shoreditch","United Kingdom","Europe",51.52711,-0.07927,"Modern cuisine",NA
"Leroy",2019,"Shoreditch","United Kingdom","Europe",51.524086,-0.0815337,"Modern British",NA
"Angler",2019,"Finsbury","United Kingdom","Europe",51.51894,-0.08625,"Seafood",NA
"Brat",2019,"Shoreditch","United Kingdom","Europe",51.52427,-0.0767681,"Traditional British",NA
"Lyle's",2019,"Shoreditch","United Kingdom","Europe",51.52378,-0.07704,"Modern British",NA
"Galvin La Chapelle",2019,"Spitalfields","United Kingdom","Europe",51.52032,-0.0781,"French",NA
"City Social",2019,"City of London","United Kingdom","Europe",51.51521,-0.08431,"Modern cuisine",NA
"La Dame de Pic",2019,"City of London","United Kingdom","Europe",51.510372,-0.0788981,"Modern French",NA
"Story",2019,"Bermondsey","United Kingdom","Europe",51.50268,-0.07774,"Modern cuisine",NA
"Trinity",2019,"Clapham Common","United Kingdom","Europe",51.46336,-0.14148,"Modern cuisine",NA
"Chez Bruce",2019,"Wandsworth","United Kingdom","Europe",51.44607,-0.16553,"French",NA
"Sorrel",2019,"Dorking","United Kingdom","Europe",51.228825,-0.3346741,"Modern British",NA
"Restaurant Tristan",2019,"Horsham","United Kingdom","Europe",51.062347,-0.326034,"Modern British",NA
"Gravetye Manor",2019,"Gravetye","United Kingdom","Europe",51.08932,-0.05691,"Modern British",NA
"The Sportsman",2019,"Seasalter","United Kingdom","Europe",51.34392,0.95885,"Modern British",NA
"West House",2019,"Biddenden","United Kingdom","Europe",51.11521,0.64215,"Modern British",NA
"Fordwich Arms",2019,"Fordwich","United Kingdom","Europe",51.295284,1.1261871,"Modern cuisine",NA
"Samphire",2019,"Saint Helier/Saint-Hélier","United Kingdom","Europe",49.18488,-2.1057,"Modern cuisine",NA
"Bohemia",2019,"Saint Helier/Saint-Hélier","United Kingdom","Europe",49.181225,-2.102417,"Modern cuisine",NA
"SENNS.Restaurant",2019,"Salzburg","Austria","Europe",47.83636,13.06389,"Creative","5"
"Ikarus",2019,"Salzburg","Austria","Europe",47.79536,13.00695,"Creative","5"
"Mraz & Sohn",2019,"Wien","Austria","Europe",48.23129,16.37637,"Creative","5"
"Konstantin Filippou",2019,"Wien","Austria","Europe",48.21056,16.37996,"Modern cuisine","5"
"Silvio Nickol Gourmet Restaurant",2019,"Wien","Austria","Europe",48.20558,16.37693,"Modern cuisine","5"
"Steirereck im Stadtpark",2019,"Wien","Austria","Europe",48.20229,16.3805,"Creative","5"
"Baumé",2019,"South San Francisco","USA","North America",37.4285,-122.14272,"Contemporary","4"
"Commis",2019,"San Francisco","USA","North America",37.82476,-122.25505,"Contemporary","4"
"Californios",2019,"San Francisco","USA","North America",37.75555,-122.417145,"Mexican","4"
"Lazy Bear",2019,"San Francisco","USA","North America",37.760204,-122.41969,"Contemporary","4"
"Saison",2019,"San Francisco","USA","North America",37.76327,-122.41543,"Californian","4"
"Campton Place",2019,"San Francisco","USA","North America",37.78923,-122.40665,"Indian","4"
"Coi",2019,"San Francisco","USA","North America",37.79812,-122.40331,"Contemporary","4"
"Acquerello",2019,"San Francisco","USA","North America",37.79167,-122.42131,"Italian","4"
"Urasawa",2019,"Los Angeles","USA","North America",34.067352,-118.40067,"Japanese","4"
"Sushi Ginza Onodera",2019,"Los Angeles","USA","North America",34.08238,-118.37654,"Japanese","4"
"Somni",2019,"Los Angeles","USA","North America",34.070095,-118.37649,"Contemporary","4"
"Providence",2019,"Los Angeles","USA","North America",34.083523,-118.33019,"Seafood","4"
"n/naka",2019,"Los Angeles","USA","North America",34.02526,-118.41206,"Contemporary","4"
"Vespertine",2019,"Los Angeles","USA","North America",34.024204,-118.38166,"Contemporary","4"
"Smyth",2019,"Chicago","USA","North America",41.885,-87.660736,"Contemporary","4"
"Oriole",2019,"Chicago","USA","North America",41.886196,-87.64513,"Contemporary","4"
"Acadia",2019,"Chicago","USA","North America",41.85904,-87.62562,"Contemporary","4"
"KOKS",2019,"Leynar","Denmark","Europe",62.13667,-7.022025,"Creative","4"
"Henne Kirkeby Kro",2019,"Henne","Denmark","Europe",55.72682,8.242021,"Classic cuisine","3"
"a‚o‚c",2019,"København","Denmark","Europe",55.68305,12.58921,"Modern cuisine","4"
"noma",2019,"København","Denmark","Europe",55.68332,12.61006,"Creative","4"
"Kadeau Copenhagen",2019,"København","Denmark","Europe",55.67219,12.58848,"Modern cuisine","4"
"Spondi",2019,"Athína","Greece","Europe",37.96525,23.742971,"French","5"
"Sun Tung Lok",2019,"Hong Kong","China","Asia",22.30099,114.17221,"Cantonese","2"
"Yan Toh Heen",2019,"Hong Kong","China","Asia",22.293337,114.17395,"Cantonese","3"
"Tin Lung Heen",2019,"Hong Kong","China","Asia",22.30357,114.16007,"Cantonese","3"
"Tenku RyuGin",2019,"Hong Kong","China","Asia",22.30331,114.16021,"Japanese","5"
"Forum",2019,"Hong Kong","China","Asia",22.281616,114.1824,"Cantonese","2"
"Sushi Saito",2019,"Hong Kong","China","Asia",22.286467,114.15677,"Sushi","5"
"Pierre",2019,"Hong Kong","China","Asia",22.282127,114.15948,"French contemporary","4"
"Ying Jee Club",2019,"Hong Kong","China","Asia",22.284338,114.156654,"Cantonese","2"
"Écriture",2019,"Hong Kong","China","Asia",22.28315,114.1554,"French contemporary","3"
"Ta Vie",2019,"Hong Kong","China","Asia",22.282766,114.15529,"Innovative","5"
"Amber",2019,"Hong Kong","China","Asia",22.280596,114.15764,"French contemporary","4"
"Kashiwaya",2019,"Hong Kong","China","Asia",22.280643,114.15674,"Japanese","4"
"Onyx",2019,"Budapest","Hungary","Europe",47.49712,19.05067,"Modern cuisine","5"
"Feng Wei Ju",2019,"Macau","China","Asia",22.18996,113.54794,"Hunanese and Sichuan","1"
"Golden Flower",2019,"Macau","China","Asia",22.18753,113.54806,"Chinese","2"
"Mizumi (Macau)",2019,"Macau","China","Asia",22.188755,113.54488,"Japanese","2"
"The Tasting Room",2019,"Macau","China","Asia",22.14958,113.56505,"French contemporary","3"
"Alain Ducasse at Morpheus",2019,"Macau","China","Asia",22.14293,113.563774,"French contemporary","5"
"L'Atelier de Joël Robuchon",2019,"New York","USA","North America",40.742905,-74.00769,"French","4"
"Jungsik",2019,"New York","USA","North America",40.718685,-74.00911,"Korean","4"
"Atera",2019,"New York","USA","North America",40.716797,-74.00565,"Contemporary","4"
"Jean-Georges",2019,"New York","USA","North America",40.76907,-73.98155,"Contemporary","4"
"Marea",2019,"New York","USA","North America",40.76749,-73.98114,"Seafood","4"
"Gabriel Kreuther",2019,"New York","USA","North America",40.75397,-73.982025,"Contemporary","4"
"Ichimura at Uchū",2019,"New York","USA","North America",40.721832,-73.99012,"Japanese","4"
"Sushi Ginza Onodera",2019,"New York","USA","North America",40.752396,-73.981575,"Japanese","4"
"Ko",2019,"New York","USA","North America",40.72909,-73.98448,"Contemporary","4"
"The Modern",2019,"New York","USA","North America",40.76106,-73.97628,"Contemporary","4"
"Aquavit",2019,"New York","USA","North America",40.76078,-73.97214,"Scandinavian","4"
"Daniel",2019,"New York","USA","North America",40.7666,-73.96745,"French","4"
"Aska",2019,"New York","USA","North America",40.71222,-73.96642,"Scandinavian","4"
"Blanca",2019,"New York","USA","North America",40.70492,-73.93354,"Contemporary","4"
"Patrick Guilbaud",2019,"City Centre","Ireland","Europe",53.33893,-6.25283,"Modern French",NA
"Oro",2019,"Rio de Janeiro - 22441","Brazil","South America",-22.98601,-43.22471,"creative","5"
"Tuju",2019,"São Paulo - 05416","Brazil","South America",-23.55653,-46.69083,"creative","5"
"D.O.M.",2019,"São Paulo - 01411","Brazil","South America",-23.56618,-46.66742,"creative","5"
"Kojima",2019,"Seoul","South Korea","Asia",37.52559,127.04193,"Sushi","5"
"Jungsik",2019,"Seoul","South Korea","Asia",37.525585,127.04107,"Korean contemporary","3"
"Kwonsooksoo",2019,"Seoul","South Korea","Asia",37.526752,127.03571,"Korean","3"
"Mingles",2019,"Seoul","South Korea","Asia",37.52219,127.0392,"Korean contemporary","3"
"Alla Prima",2019,"Seoul","South Korea","Asia",37.51844,127.03008,"Innovative","3"
"Waku Ghin",2018,"Singapore","Singapore","Asia",1.283175,103.8598,"Japanese contemporary","5"
"Odette",2018,"Singapore","Singapore","Asia",1.2896459,103.8516,"French contemporary","4"
"Shoukouwa",2018,"Singapore","Singapore","Asia",1.2863698,103.854,"Sushi","5"
"Shisen Hanten",2018,"Singapore","Singapore","Asia",1.302395,103.8365,"Chinese","1"
"Les Amis",2018,"Singapore","Singapore","Asia",1.3066648,103.8314,"French","3"
"Fäviken Magasinet",2019,"Järpen","Sweden","Europe",63.43626,13.29337,"Creative","4"
"Gastrologik",2019,"Stockholm","Sweden","Europe",59.33365,18.0807,"Creative","4"
"Oaxen Krog",2019,"Stockholm","Sweden","Europe",59.322342,18.101831,"Creative","4"
"Vollmers",2019,"Malmö","Sweden","Europe",55.604427,12.995848,"Creative","4"
"Daniel Berlin",2019,"Skåne-Tranås","Sweden","Europe",55.61246,13.99265,"Creative","4"
"RAW",2019,"Taipei","China","Asia",25.082666,121.559525,"Innovative","3"
"Shoun RyuGin",2019,"Taipei","China","Asia",25.08258,121.5595,"Japanese contemporary","4"
"Taïrroir",2019,"Taipei","China","Asia",25.082718,121.559296,"Innovative","3"
"Sushi Amamoto",2019,"Taipei","China","Asia",25.037945,121.55487,"Sushi","4"
"The Guest House",2019,"Taipei","China","Asia",25.04486,121.52198,"Sichuan-Huai Yang","2"
"Gaggan",2019,"Bangkok","Thailand","Asia",13.737679,100.542145,"Innovative","5"
"Sühring",2019,"Bangkok","Thailand","Asia",13.710947,100.545654,"European contemporary","4"
"Mezzaluna",2019,"Bangkok","Thailand","Asia",13.722148,100.51691,"Innovative","5"
"Le Normandie",2019,"Bangkok","Thailand","Asia",13.723197,100.513855,"French contemporary","4"
"minibar",2019,"Washington, D.C.","USA","North America",38.896294,-77.02386,"Contemporary","4"
"Pineapple and Pearls",2019,"Washington, D.C.","USA","North America",38.880707,-76.99514,"Contemporary","4"
"Andrew Fairlie at Gleneagles",2019,"Auchterarder","United Kingdom","Europe",56.28339,-3.75149,"Creative French",NA
"L'Enclume",2019,"Cartmel","United Kingdom","Europe",54.201885,-2.953807,"Creative",NA
"Raby Hunt",2019,"Summerhouse","United Kingdom","Europe",54.56647,-1.689258,"Modern British",NA
"Moor Hall",2019,"Aughton","United Kingdom","Europe",53.54162,-2.8895495,"Modern British",NA
"Restaurant Sat Bains",2019,"Nottingham","United Kingdom","Europe",52.92438,-1.1733198,"Creative",NA
"Restaurant Nathan Outlaw",2019,"Port Isaac","United Kingdom","Europe",50.594086,-4.82854,"Seafood",NA
"Belmond Le Manoir aux Quat' Saisons",2019,"Great Milton","United Kingdom","Europe",51.71674,-1.09187,"French",NA
"Midsummer House",2019,"Cambridge","United Kingdom","Europe",52.21243,0.12779,"Modern cuisine",NA
"Hand and Flowers",2019,"Marlow","United Kingdom","Europe",51.57031,-0.78113,"Modern British",NA
"Ledbury",2019,"North Kensington","United Kingdom","Europe",51.51674,-0.20007,"Modern cuisine",NA
"CORE by Clare Smyth",2019,"North Kensington","United Kingdom","Europe",51.51261,-0.2030516,"Modern British",NA
"Le Gavroche",2019,"Mayfair","United Kingdom","Europe",51.51127,-0.15517,"French",NA
"Kitchen Table at Bubbledogs",2019,"Bloomsbury","United Kingdom","Europe",51.52041,-0.13647,"Modern cuisine",NA
"Hélène Darroze at The Connaught",2019,"Mayfair","United Kingdom","Europe",51.5101,-0.1495701,"Modern cuisine",NA
"Dinner by Heston Blumenthal",2019,"Hyde Park","United Kingdom","Europe",51.50208,-0.16011,"Traditional British",NA
"Umu",2019,"Mayfair","United Kingdom","Europe",51.5113,-0.14455,"Japanese",NA
"Sketch (The Lecture Room & Library)",2019,"Mayfair","United Kingdom","Europe",51.51287,-0.14136,"Modern French",NA
"Greenhouse",2019,"Mayfair","United Kingdom","Europe",51.50769,-0.14926,"Creative",NA
"Claude Bosi at Bibendum",2019,"Chelsea","United Kingdom","Europe",51.49341,-0.1690893,"French",NA
"Amador",2019,"Wien","Austria","Europe",48.25406,16.35915,"Creative","5"
"Manresa",2019,"South San Francisco","USA","North America",37.22761,-121.98071,"Contemporary","4"
"Benu",2019,"San Francisco","USA","North America",37.78521,-122.39876,"Asian","4"
"Quince",2019,"San Francisco","USA","North America",37.79762,-122.40337,"Contemporary","4"
"Atelier Crenn",2019,"San Francisco","USA","North America",37.79835,-122.43586,"Contemporary","4"
"The French Laundry",2019,"San Francisco","USA","North America",38.40443,-122.36474,"Contemporary","4"
"The Restaurant at Meadowood",2019,"San Francisco","USA","North America",38.52025,-122.46479,"Contemporary","4"
"SingleThread",2019,"San Francisco","USA","North America",38.612164,-122.869705,"Contemporary","4"
"Alinea",2019,"Chicago","USA","North America",41.91328,-87.64798,"Contemporary","4"
"Geranium",2019,"København","Denmark","Europe",55.70393,12.57197,"Creative","4"
"T'ang Court",2019,"Hong Kong","China","Asia",22.296572,114.1698,"Cantonese","3"
"Bo Innovation",2019,"Hong Kong","China","Asia",22.27614,114.171,"Innovative","5"
"Lung King Heen",2019,"Hong Kong","China","Asia",22.28665,114.15674,"Cantonese","4"
"Caprice",2019,"Hong Kong","China","Asia",22.286646,114.15662,"French","4"
"8½ Otto e Mezzo - Bombana",2019,"Hong Kong","China","Asia",22.28189,114.15839,"Italian","4"
"L'Atelier de Joël Robuchon",2019,"Hong Kong","China","Asia",22.281199,114.15816,"French contemporary","4"
"Sushi Shikon",2019,"Hong Kong","China","Asia",22.28511,114.15208,"Sushi","5"
"The Eight",2019,"Macau","China","Asia",22.190475,113.54341,"Chinese","3"
"Robuchon au Dôme",2019,"Macau","China","Asia",22.189949,113.54395,"French contemporary","4"
"Jade Dragon",2019,"Macau","China","Asia",22.149137,113.56715,"Cantonese","2"
"Maaemo",2019,"Oslo","Norway","Europe",59.910477,10.760408,"Modern cuisine","4"
"Masa",2019,"New York","USA","North America",40.76855,-73.98335,"Japanese","4"
"Per Se",2019,"New York","USA","North America",40.76828,-73.98292,"Contemporary","4"
"Le Bernardin",2019,"New York","USA","North America",40.76177,-73.98223,"Seafood","4"
"Eleven Madison Park",2019,"New York","USA","North America",40.7417,-73.98712,"Contemporary","4"
"Chef's Table at Brooklyn Fare",2019,"New York","USA","North America",40.68872,-73.98581,"Contemporary","4"
"La Yeon",2019,"Seoul","South Korea","Asia",37.555813,127.00517,"Korean","4"
"Gaon",2019,"Seoul","South Korea","Asia",37.52265,127.03595,"Korean","5"
"Frantzén",2019,"Stockholm","Sweden","Europe",59.33418,18.05812,"Modern cuisine","4"
"Le Palais",2019,"Taipei","China","Asia",25.049496,121.51674,"Cantonese","2"
"The Inn at Little Washington",2019,"Washington, D.C.","USA","North America",38.713623,-78.16208,"American","4"
"Fat Duck",2019,"Bray","United Kingdom","Europe",51.50828,-0.70232,"Creative",NA
"Waterside Inn",2019,"Bray","United Kingdom","Europe",51.50773,-0.70121,"Classic French",NA
"Alain Ducasse at The Dorchester",2019,"Mayfair","United Kingdom","Europe",51.50712,-0.1525201,"French",NA
"The Araki",2019,"Mayfair","United Kingdom","Europe",51.511826,-0.140389,"Japanese",NA
"Gordon Ramsay",2019,"Chelsea","United Kingdom","Europe",51.48546,-0.1620201,"French",NA
