"name","year","city","country","continent","latitude","longitude","cuisine","price","star"
"Kilian Stuba",2019,"Kleinwalsertal","Austria","Europe",47.34858,10.17114,"Creative","5","one"
"Pfefferschiff",2019,"Hallwang","Austria","Europe",47.83787,13.07917,"Classic cuisine","5","one"
"Esszimmer",2019,"Salzburg","Austria","Europe",47.80685,13.03409,"Creative","5","one"
"Carpe Diem",2019,"Salzburg","Austria","Europe",47.80001,13.04006,"Market cuisine","5","one"
"Edvard",2019,"Wien","Austria","Europe",48.216503,16.36852,"Modern cuisine","4","one"
"Das Loft",2019,"Wien","Austria","Europe",48.21272,16.37931,"Modern cuisine","5","one"
"Pramerl & the Wolf",2019,"Wien","Austria","Europe",48.20945,16.37174,"Creative","5","one"
"Walter Bauer",2019,"Wien","Austria","Europe",48.20923,16.37672,"Classic cuisine","5","one"
"SHIKI",2019,"Wien","Austria","Europe",48.204067,16.37098,"Japanese","5","one"
"Tian",2019,"Wien","Austria","Europe",48.20513,16.37456,"Vegetarian","5","one"
"aend",2019,"Wien","Austria","Europe",48.18957,16.34115,"Modern cuisine","5","one"
"Le Ciel by Toni Mörwald",2019,"Wien","Austria","Europe",48.20209,16.37156,"Classic cuisine","5","one"
"Chez TJ",2019,"South San Francisco","USA","North America",37.39468,-122.08044,"Contemporary","4","one"
"Protégé",2019,"South San Francisco","USA","North America",37.427853,-122.14362,"Contemporary","3","one"
"Madera",2019,"San Francisco","USA","North America",37.42014,-122.21151,"Contemporary","3","one"
"The Village Pub",2019,"San Francisco","USA","North America",37.42897,-122.25178,"Contemporary","3","one"
"Plumed Horse",2019,"South San Francisco","USA","North America",37.25648,-122.03537,"Contemporary","4","one"
"Wakuriya",2019,"San Francisco","USA","North America",37.52114,-122.3366,"Japanese","4","one"
"Sushi Yoshizumi",2019,"San Francisco","USA","North America",37.565075,-122.3211,"Japanese","4","one"
"Rasa",2019,"San Francisco","USA","North America",37.577522,-122.345985,"Indian","2","one"
"Maum",2019,"South San Francisco","USA","North America",37.72669,-122.414215,"Korean","4","one"
"Al's Place",2019,"San Francisco","USA","North America",37.748924,-122.42013,"Californian","2","one"
"Aster",2019,"San Francisco","USA","North America",37.755054,-122.423134,"Californian","3","one"
"Omakase",2019,"San Francisco","USA","North America",37.77077,-122.40298,"Japanese","4","one"
"Commonwealth",2019,"San Francisco","USA","North America",37.761395,-122.41946,"Contemporary","2","one"
"Luce",2019,"San Francisco","USA","North America",37.78194,-122.40498,"Contemporary","3","one"
"Birdsong",2019,"San Francisco","USA","North America",37.779495,-122.41048,"American","4","one"
"In Situ",2019,"San Francisco","USA","North America",37.785633,-122.40113,"International","4","one"
"Mourad",2019,"San Francisco","USA","North America",37.78695,-122.39987,"Moroccan","3","one"
"Hashiri",2019,"San Francisco","USA","North America",37.783062,-122.40754,"Japanese","4","one"
"Angler",2019,"San Francisco","USA","North America",37.793167,-122.39213,"Contemporary","4","one"
"Rich Table",2019,"San Francisco","USA","North America",37.774914,-122.42271,"Contemporary","3","one"
"Kin Khao",2019,"San Francisco","USA","North America",37.785267,-122.40951,"Thai","2","one"
"Michael Mina",2019,"San Francisco","USA","North America",37.79349,-122.399574,"Contemporary","4","one"
"Sons & Daughters",2019,"San Francisco","USA","North America",37.79037,-122.40917,"Contemporary","4","one"
"Mister Jiu's",2019,"San Francisco","USA","North America",37.79371,-122.406654,"Chinese","3","one"
"Nico",2019,"San Francisco","USA","North America",37.795803,-122.40333,"Contemporary","3","one"
"jū-ni",2019,"San Francisco","USA","North America",37.77672,-122.43886,"Japanese","4","one"
"Keiko à Nob Hill",2019,"San Francisco","USA","North America",37.793106,-122.41445,"Fusion","4","one"
"The Progress",2019,"San Francisco","USA","North America",37.78371,-122.43282,"Californian","3","one"
"State Bird Provisions",2019,"San Francisco","USA","North America",37.783737,-122.43283,"American","2","one"
"Octavia",2019,"San Francisco","USA","North America",37.787857,-122.42709,"Californian","3","one"
"SPQR",2019,"San Francisco","USA","North America",37.78732,-122.43375,"Italian","3","one"
"Lord Stanley",2019,"San Francisco","USA","North America",37.79592,-122.42208,"Californian","3","one"
"Kinjo",2019,"San Francisco","USA","North America",37.79699,-122.422005,"Japanese","4","one"
"Sorrel",2019,"San Francisco","USA","North America",37.788334,-122.44614,"Californian","3","one"
"Gary Danko",2019,"San Francisco","USA","North America",37.80599,-122.42066,"Contemporary","4","one"
"Bar Crenn",2019,"San Francisco","USA","North America",37.798435,-122.43581,"French","3","one"
"Spruce",2019,"San Francisco","USA","North America",37.78772,-122.45264,"Californian","3","one"
"Wako",2019,"San Francisco","USA","North America",37.783035,-122.461525,"Japanese","4","one"
"Madcap",2019,"San Francisco","USA","North America",37.974712,-122.56168,"Contemporary","4","one"
"Aubergine",2019,"Monterey","USA","North America",36.55406,-121.924355,"Contemporary","4","one"
"Kenzo",2019,"San Francisco","USA","North America",38.29924,-122.28928,"Japanese","4","one"
"La Toque",2019,"San Francisco","USA","North America",38.30351,-122.28349,"Contemporary","4","one"
"Bouchon",2019,"San Francisco","USA","North America",38.40258,-122.3619,"French","3","one"
"Auberge du Soleil",2019,"San Francisco","USA","North America",38.49199,-122.40534,"Californian","4","one"
"Farmhouse Inn & Restaurant",2019,"San Francisco","USA","North America",38.49039,-122.8835,"Californian","4","one"
"The Kitchen",2019,"Sacramento","USA","North America",38.58894,-121.41424,"Contemporary","4","one"
"Madrona Manor",2019,"San Francisco","USA","North America",38.60428,-122.88647,"Contemporary","4","one"
"Harbor House",2019,"San Francisco","USA","North America",39.135876,-123.719444,"Californian","4","one"
"Shin Sushi",2019,"Los Angeles","USA","North America",34.15784,-118.49415,"Japanese","3","one"
"Rustic Canyon",2019,"Los Angeles","USA","North America",34.024952,-118.49118,"Californian","3","one"
"Dialogue",2019,"Los Angeles","USA","North America",34.01679,-118.49748,"Contemporary","4","one"
"Kato",2019,"Los Angeles","USA","North America",34.041683,-118.460915,"Asian","3","one"
"CUT",2019,"Los Angeles","USA","North America",34.067036,-118.401024,"Steakhouse","4","one"
"Nozawa Bar",2019,"Los Angeles","USA","North America",34.0683,-118.39849,"Japanese","4","one"
"Shunji",2019,"Los Angeles","USA","North America",34.028496,-118.45195,"Japanese","4","one"
"Maude",2019,"Los Angeles","USA","North America",34.064346,-118.39904,"Contemporary","4","one"
"Mori Sushi",2019,"Los Angeles","USA","North America",34.033398,-118.44229,"Japanese","4","one"
"Trois Mec",2019,"Los Angeles","USA","North America",34.084255,-118.33851,"Contemporary","4","one"
"Osteria Mozza",2019,"Los Angeles","USA","North America",34.08342,-118.338974,"Italian","3","one"
"Kali",2019,"Los Angeles","USA","North America",34.083443,-118.32455,"Californian","3","one"
"Le Comptoir",2019,"Los Angeles","USA","North America",34.06354,-118.30057,"Californian","4","one"
"Q Sushi",2019,"Los Angeles","USA","North America",34.046883,-118.255844,"Japanese","4","one"
"Shibumi",2019,"Los Angeles","USA","North America",34.044155,-118.256134,"Japanese","4","one"
"Hayato",2019,"Los Angeles","USA","North America",34.03311,-118.24265,"Japanese","4","one"
"Bistro Na's",2019,"Los Angeles","USA","North America",34.104412,-118.07159,"Chinese","2","one"
"Orsa & Winston",2019,"Los Angeles","USA","North America",33.92145,-118.275406,"Fusion","4","one"
"Taco María",2019,"Costa Mesa","USA","North America",33.69475,-117.924965,"Mexican","3","one"
"Hana re",2019,"Costa Mesa","USA","North America",33.67759,-117.886566,"Japanese","4","one"
"Addison",2019,"San Diego","USA","North America",32.939903,-117.20013,"Contemporary","4","one"
"Parachute",2019,"Chicago","USA","North America",41.94483,-87.70638,"Fusion","2","one"
"Goosefoot",2019,"Chicago","USA","North America",41.96856,-87.69596,"Contemporary","4","one"
"Elizabeth",2019,"Chicago","USA","North America",41.969555,-87.688736,"Contemporary","4","one"
"EL Ideas",2019,"Chicago","USA","North America",41.863,-87.68686,"Contemporary","4","one"
"Band of Bohemia",2019,"Chicago","USA","North America",41.967308,-87.67477,"Gastropub","3","one"
"Schwa",2019,"Chicago","USA","North America",41.90888,-87.66792,"Contemporary","4","one"
"Temporis",2019,"Chicago","USA","North America",41.898907,-87.66725,"Contemporary","4","one"
"Entente",2019,"Chicago","USA","North America",41.93721,-87.6652,"Contemporary","3","one"
"Elske",2019,"Chicago","USA","North America",41.884426,-87.66071,"Contemporary","4","one"
"Dusek's (Board & Beer)",2019,"Chicago","USA","North America",41.857853,-87.65757,"Gastropub","2","one"
"Roister",2019,"Chicago","USA","North America",41.886658,-87.65187,"Contemporary","3","one"
"Boka",2019,"Chicago","USA","North America",41.91363,-87.64806,"Contemporary","3","one"
"Blackbird",2019,"Chicago","USA","North America",41.88423,-87.64356,"Contemporary","3","one"
"Sepia",2019,"Chicago","USA","North America",41.88394,-87.64247,"American","3","one"
"North Pond",2019,"Chicago","USA","North America",41.9296,-87.63762,"Contemporary","3","one"
"Everest",2019,"Chicago","USA","North America",41.87597,-87.63212,"French","4","one"
"Topolobampo",2019,"Chicago","USA","North America",41.89047,-87.63085,"Mexican","4","one"
"Spiaggia",2019,"Chicago","USA","North America",41.90062,-87.62457,"Italian","4","one"
"Monte",2019,"Rovinj","Croatia","Europe",45.08279,13.631168,"Creative","5","one"
"Draga di Lovrana",2019,"Lovran","Croatia","Europe",45.275867,14.251401,"Modern cuisine","5","one"
"Noel",2019,"Zagreb","Croatia","Europe",45.811054,15.988205,"Modern cuisine","5","one"
"Pelegrini",2019,"Šibenik","Croatia","Europe",43.73603,15.888903,"Modern cuisine","5","one"
"360º",2019,"Dubrovnik","Croatia","Europe",42.641563,18.111523,"Modern cuisine","5","one"
"Field",2019,"Praha","Czech Republic","Europe",50.0919,14.42193,"Modern cuisine","5","one"
"La Degustation Bohême Bourgeoise",2019,"Praha","Czech Republic","Europe",50.09115,14.42511,"Modern cuisine","5","one"
"Gastromé",2019,"Aarhus","Denmark","Europe",56.15788,10.20937,"Modern cuisine","3","one"
"Domestic",2019,"Aarhus","Denmark","Europe",56.15893,10.212132,"Modern cuisine","3","one"
"Substans",2019,"Aarhus","Denmark","Europe",56.15415,10.20372,"Modern cuisine","3","one"
"Frederikshøj",2019,"Aarhus","Denmark","Europe",56.12497,10.208638,"Creative","4","one"
"Me‚Mu",2019,"Vejle","Denmark","Europe",55.70901,9.53302,"Modern cuisine","3","one"
"Ti Trin Ned",2019,"Fredericia","Denmark","Europe",55.56659,9.752689,"Modern cuisine","3","one"
"Slotskøkkenet",2019,"Hørve","Denmark","Europe",55.771236,11.390805,"Creative","4","one"
"Søllerød Kro",2019,"København","Denmark","Europe",55.81325,12.49548,"Modern cuisine","2","one"
"Jordnær",2019,"København","Denmark","Europe",55.748226,12.541014,"Danish","3","one"
"Relæ",2019,"København","Denmark","Europe",55.693233,12.543222,"Modern cuisine","2","one"
"Kiin Kiin",2019,"København","Denmark","Europe",55.69188,12.55754,"Thai","2","one"
"formel B",2019,"København","Denmark","Europe",55.67031,12.53798,"Modern cuisine","2","one"
"Kokkeriet",2019,"København","Denmark","Europe",55.68768,12.58492,"Modern cuisine","3","one"
"Clou",2019,"København","Denmark","Europe",55.68342,12.58497,"Modern cuisine","4","one"
"Marchal",2019,"København","Denmark","Europe",55.68034,12.58508,"Modern cuisine","2","one"
"Kong Hans Kælder",2019,"København","Denmark","Europe",55.6787,12.584003,"Classic French","4","one"
"Stud!o at The Standard",2019,"København","Denmark","Europe",55.67799,12.59191,"Creative","3","one"
"108",2019,"København","Denmark","Europe",55.67785,12.5980835,"Modern cuisine","3","one"
"Era Ora",2019,"København","Denmark","Europe",55.673004,12.591292,"Italian","2","one"
"Alouette",2019,"København","Denmark","Europe",55.66265,12.57634,"Modern cuisine","3","one"
"Frederiksminde",2019,"Præstø","Denmark","Europe",55.12417,12.04623,"Creative","3","one"
"Kadeau Bornholm",2019,"Pedersker","Denmark","Europe",55.00457,14.969216,"Creative","4","one"
"Ask",2019,"Helsingfors / Helsinki","Finland","Europe",60.17236,24.95648,"Modern cuisine","3","one"
"Grön",2019,"Helsingfors / Helsinki","Finland","Europe",60.16446,24.93308,"Finnish","3","one"
"Demo",2019,"Helsingfors / Helsinki","Finland","Europe",60.164806,24.941635,"Modern cuisine","3","one"
"Olo",2019,"Helsingfors / Helsinki","Finland","Europe",60.16616,24.947704,"Modern cuisine","3","one"
"Palace",2019,"Helsingfors / Helsinki","Finland","Europe",60.16556,24.95256,"Modern cuisine","3","one"
"Ora",2019,"Helsingfors / Helsinki","Finland","Europe",60.157578,24.942947,"Modern cuisine","3","one"
"Botrini's",2019,"Athína","Greece","Europe",38.02318,23.79377,"Mediterranean","5","one"
"Varoulko Seaside",2019,"Athína","Greece","Europe",37.937378,23.658577,"Seafood","5","one"
"Hytra",2019,"Athína","Greece","Europe",37.95818,23.71895,"Modern cuisine","5","one"
"Loaf On",2019,"Hong Kong","China","Asia",22.379858,114.27188,"Cantonese","2","one"
"Lei Garden (Kwun Tong)",2019,"Hong Kong","China","Asia",22.312672,114.22482,"Cantonese","1","one"
"Tim Ho Wan (Sham Shui Po)",2019,"Hong Kong","China","Asia",22.32805,114.16665,"Dim Sum","1","one"
"Lei Garden (Mong Kok)",2019,"Hong Kong","China","Asia",22.320219,114.17133,"Cantonese","1","one"
"Ming Court",2019,"Hong Kong","China","Asia",22.318314,114.16933,"Cantonese","3","one"
"Yat Tung Heen (Jordan)",2019,"Hong Kong","China","Asia",22.308014,114.17147,"Cantonese","2","one"
"Fu Ho (Tsim Sha Tsui)",2019,"Hong Kong","China","Asia",22.3022,114.17194,"Cantonese","2","one"
"Shang Palace",2019,"Hong Kong","China","Asia",22.297325,114.177155,"Cantonese","3","one"
"IM Teppanyaki & Wine",2019,"Hong Kong","China","Asia",22.280807,114.19211,"Teppanyaki","2","one"
"Ah Yat Harbour View (Tsim Sha Tsui)",2019,"Hong Kong","China","Asia",22.296984,114.17197,"Cantonese","2","one"
"Rech",2019,"Hong Kong","China","Asia",22.293434,114.174034,"Seafood","4","one"
"Spring Moon",2019,"Hong Kong","China","Asia",22.294943,114.17182,"Cantonese","3","one"
"Imperial Treasure Fine Chinese Cuisine",2019,"Hong Kong","China","Asia",22.296177,114.170006,"Cantonese","2","one"
"Sushi Tokami",2019,"Hong Kong","China","Asia",22.296112,114.16916,"Sushi","5","one"
"Tosca",2019,"Hong Kong","China","Asia",22.30357,114.16007,"Italian","3","one"
"Épure",2019,NA,NA,NA,22.29583,114.169304,"French","3","one"
"Yee Tung Heen",2019,"Hong Kong","China","Asia",22.282295,114.184135,"Cantonese","2","one"
"Yè Shanghai (Tsim Sha Tsui)",2019,"Hong Kong","China","Asia",22.295143,114.168236,"Shanghainese","1","one"
"Ho Hung Kee",2019,"Hong Kong","China","Asia",22.280058,114.18364,"Noodles and congee","1","one"
"Jardin de Jade (Wan Chai)",2019,"Hong Kong","China","Asia",22.28025,114.17716,"Shanghainese","2","one"
"Zhejiang Heen",2019,"Hong Kong","China","Asia",22.2787,114.17763,"Shanghainese","2","one"
"Takumi by Daisuke Mori",2019,"Hong Kong","China","Asia",22.276512,114.17718,"Innovative","5","one"
"Kam's Roast Goose",2019,"Hong Kong","China","Asia",22.277693,114.175385,"Cantonese Roast Meats","1","one"
"Pang's Kitchen",2019,"Hong Kong","China","Asia",22.26921,114.18452,"Cantonese","1","one"
"Xin Rong Ji",2019,"Hong Kong","China","Asia",22.278013,114.17273,"Taizhou","3","one"
"Qi (Wan Chai)",2019,"Hong Kong","China","Asia",22.276443,114.17126,"Sichuan","1","one"
"Man Wah",2019,"Hong Kong","China","Asia",22.282213,114.15951,"Cantonese","4","one"
"Summer Palace",2019,"Hong Kong","China","Asia",22.277136,114.1643,"Cantonese","3","one"
"Octavium",2019,"Hong Kong","China","Asia",22.282587,114.1572,"Italian","3","one"
"Arbor",2019,NA,NA,NA,22.283146,114.15542,"Innovative","3","one"
"VEA",2019,"Hong Kong","China","Asia",22.284931,114.15313,"Innovative","5","one"
"Mandarin Grill + Bar",2019,"Hong Kong","China","Asia",22.281048,114.1574,"European contemporary","4","one"
"Yat Lok",2019,"Hong Kong","China","Asia",22.28226,114.155655,"Cantonese Roast Meats","1","one"
"Guo Fu Lou",2019,"Hong Kong","China","Asia",22.278313,114.16034,"Cantonese","3","one"
"Celebrity Cuisine",2019,"Hong Kong","China","Asia",22.284334,114.15312,"Cantonese","2","one"
"Sushi Wadatsumi",2019,"Hong Kong","China","Asia",22.281038,114.15646,"Sushi","3","one"
"Arcane",2019,"Hong Kong","China","Asia",22.280624,114.15682,"European contemporary","3","one"
"Duddell's",2019,"Hong Kong","China","Asia",22.28008,114.157364,"Cantonese","3","one"
"Beefbar",2019,"Hong Kong","China","Asia",22.27982,114.15752,"Steakhouse","2","one"
"New Punjab Club",2019,"Hong Kong","China","Asia",22.28005,114.15525,"Indian","2","one"
"Kaiseki Den by Saotome",2019,"Hong Kong","China","Asia",22.285713,114.147865,"Japanese","5","one"
"Belon",2019,"Hong Kong","China","Asia",22.281662,114.152405,"French","3","one"
"Tate",2019,"Hong Kong","China","Asia",22.280996,114.15276,"Innovative","5","one"
"The Ocean",2019,"Hong Kong","China","Asia",22.235146,114.198524,"French","5","one"
"Costes Downtown",2019,"Budapest","Hungary","Europe",47.50113,19.048595,"Modern cuisine","4","one"
"Borkonyha Winekitchen",2019,"Budapest","Hungary","Europe",47.49953,19.052391,"Modern cuisine","4","one"
"Stand",2019,"Budapest","Hungary","Europe",47.500244,19.059624,"Modern cuisine","3","one"
"Babel",2019,"Budapest","Hungary","Europe",47.492603,19.05256,"Modern cuisine","5","one"
"Costes",2019,"Budapest","Hungary","Europe",47.48873,19.061779,"Modern cuisine","5","one"
"The Kitchen",2019,"Macau","China","Asia",22.191442,113.543,"Steakhouse","3","one"
"Tim's Kitchen",2019,"Macau","China","Asia",22.189898,113.5439,"Cantonese","2","one"
"Wing Lei",2019,"Macau","China","Asia",22.188028,113.54578,"Cantonese","2","one"
"King",2019,"Macau","China","Asia",22.190178,113.54028,"Cantonese","1","one"
"Ying",2019,"Macau","China","Asia",22.161234,113.555405,"Cantonese","2","one"
"Shinji by Kanesaka",2019,"Macau","China","Asia",22.149635,113.56397,"Sushi","4","one"
"The Golden Peacock",2019,"Macau","China","Asia",22.148178,113.56335,"Indian","1","one"
"Zi Yat Heen",2019,"Macau","China","Asia",22.145418,113.56152,"Cantonese","2","one"
"8 1/2 Otto e Mezzo - Bombana",2019,"Macau","China","Asia",22.14918,113.55393,"Italian","3","one"
"Pearl Dragon",2019,"Macau","China","Asia",22.140524,113.56256,"Cantonese","3","one"
"Lai Heen",2019,"Macau","China","Asia",22.148754,113.551926,"Cantonese","2","one"
"FAGN",2019,"Trondheim","Norway","Europe",63.43392,10.39628,"Modern cuisine","4","one"
"Credo",2019,"Trondheim","Norway","Europe",63.43391,10.39631,"Creative","4","one"
"RE-NAA",2019,"Stavanger","Norway","Europe",58.972088,5.732877,"Creative","4","one"
"Sabi Omakase",2019,"Stavanger","Norway","Europe",58.969936,5.7433133,"Sushi","4","one"
"Galt",2019,"Oslo","Norway","Europe",59.91661,10.71369,"Modern cuisine","3","one"
"Kontrast",2019,"Oslo","Norway","Europe",59.92355,10.75106,"Scandinavian","3","one"
"Statholdergaarden",2019,"Oslo","Norway","Europe",59.90937,10.74305,"Classic cuisine","4","one"
"Del Posto",2019,"New York","USA","North America",40.74327,-74.0077,"Italian","4","one"
"Le Grill de Joël Robuchon",2019,"New York","USA","North America",40.742897,-74.0077,"French","4","one"
"L'Appart",2019,"New York","USA","North America",40.711903,-74.01544,"French","4","one"
"Okuda",2019,"New York","USA","North America",40.743793,-74.00633,"Japanese","4","one"
"Wallsé",2019,"New York","USA","North America",40.73538,-74.00814,"Austrian","4","one"
"Jeju Noodle Bar",2019,"New York","USA","North America",40.732952,-74.00744,"Korean","2","one"
"Sushi Nakazawa",2019,"New York","USA","North America",40.731716,-74.00451,"Japanese","4","one"
"Kosaka",2019,"New York","USA","North America",40.738316,-74.00137,"Japanese","4","one"
"Bâtard",2019,"New York","USA","North America",40.719616,-74.00589,"Contemporary","4","one"
"Hirohisa",2019,"New York","USA","North America",40.72452,-74.003006,"Japanese","3","one"
"Blue Hill",2019,"New York","USA","North America",40.7321,-73.9996,"American","4","one"
"ZZ's Clam Bar",2019,"New York","USA","North America",40.727646,-74.00046,"Seafood","4","one"
"Babbo",2019,"New York","USA","North America",40.73233,-73.99916,"Italian","4","one"
"Carbone",2019,"New York","USA","North America",40.727966,-74.00017,"Italian","4","one"
"Le Coucou",2019,"New York","USA","North America",40.719162,-74.00001,"French","3","one"
"Aldea",2019,"New York","USA","North America",40.73885,-73.99366,"Mediterranean","4","one"
"Cote",2019,"New York","USA","North America",40.73778,-73.99375,"Korean","3","one"
"Bouley at Home",2019,"New York","USA","North America",40.74114,-73.99242,"Contemporary","3","one"
"Gotham Bar and Grill",2019,"New York","USA","North America",40.73417,-73.99379,"American","4","one"
"Nix",2019,"New York","USA","North America",40.733166,-73.993515,"Vegetarian","3","one"
"Junoon",2019,"New York","USA","North America",40.74325,-73.99077,"Indian","4","one"
"NoMad",2019,"New York","USA","North America",40.74497,-73.98883,"Contemporary","4","one"
"The Musket Room",2019,"New York","USA","North America",40.723915,-73.99375,"Contemporary","3","one"
"Uncle Boons",2019,"New York","USA","North America",40.721203,-73.99441,"Thai","2","one"
"Noda",2019,"New York","USA","North America",40.74497,-73.988075,"Japanese","4","one"
"Gramercy Tavern",2019,"New York","USA","North America",40.73849,-73.98868,"Contemporary","4","one"
"The Clocktower",2019,"New York","USA","North America",40.7414,-73.987595,"Contemporary","3","one"
"Ai Fiori",2019,"New York","USA","North America",40.75013,-73.98357,"Italian","4","one"
"Casa Mono",2019,"New York","USA","North America",40.73595,-73.98706,"Spanish","3","one"
"Jewel Bako",2019,"New York","USA","North America",40.72713,-73.98928,"Japanese","3","one"
"The River Café",2019,"New York","USA","North America",40.703613,-73.994774,"Contemporary","4","one"
"Bar Uchū",2019,"New York","USA","North America",40.72191,-73.99003,"Japanese","4","one"
"Café China",2019,"New York","USA","North America",40.749973,-73.98228,"Chinese","2","one"
"Kanoyama",2019,"New York","USA","North America",40.73071,-73.98655,"Japanese","3","one"
"Contra",2019,"New York","USA","North America",40.719917,-73.98922,"Contemporary","4","one"
"Atomix",2019,"New York","USA","North America",40.744408,-73.98292,"Korean","4","one"
"Kyo Ya",2019,"New York","USA","North America",40.7266,-73.98526,"Japanese","3","one"
"Kajitsu",2019,"New York","USA","North America",40.72776,-73.98428,"Japanese","3","one"
"Agern",2019,"New York","USA","North America",40.75234,-73.9775,"Scandinavian","4","one"
"Caviar Russe",2019,"New York","USA","North America",40.760685,-73.97355,"Contemporary","4","one"
"Tuome",2019,"New York","USA","North America",40.724194,-73.9828,"Fusion","2","one"
"Tempura Matsui",2019,"New York","USA","North America",40.74839,-73.97474,"Japanese","4","one"
"Sushi Yasuda",2019,"New York","USA","North America",40.75108,-73.97364,"Japanese","4","one"
"Sushi Amane",2019,"New York","USA","North America",40.75133,-73.971725,"Japanese","4","one"
"Café Boulud",2019,"New York","USA","North America",40.77439,-73.96414,"French","4","one"
"Claro",2019,"New York","USA","North America",40.677395,-73.98615,"Mexican","2","one"
"Satsuki",2019,"New York","USA","North America",40.801243,-73.95187,"Japanese","4","one"
"Sushi Noz",2019,"New York","USA","North America",40.77384,-73.958275,"Japanese","4","one"
"Sushi Inoue",2019,"New York","USA","North America",40.810448,-73.943726,"Japanese","4","one"
"Meadowsweet",2019,"New York","USA","North America",40.710354,-73.96317,"Mediterranean","3","one"
"Casa Enríque",2019,"New York","USA","North America",40.743492,-73.95425,"Mexican","2","one"
"Peter Luger",2019,"New York","USA","North America",40.70986,-73.96263,"Steakhouse","4","one"
"Oxomoco",2019,"New York","USA","North America",40.730057,-73.95538,"Mexican","3","one"
"The Finch",2019,"New York","USA","North America",40.68704,-73.96297,"American","3","one"
"Faro",2019,"New York","USA","North America",40.707584,-73.923035,"American","2","one"
"Senses",2019,"Warszawa","Poland","Europe",52.244583,21.005886,"Modern cuisine","5","one"
"atelier Amaro",2019,"Warszawa","Poland","Europe",52.21708,21.03768,"Modern cuisine","4","one"
"Aniar",2019,"Gaillimh/Galway","Ireland","Europe",53.27112,-9.057078,"Creative",NA,"one"
"Loam",2019,"Gaillimh/Galway","Ireland","Europe",53.27384,-9.044447,"Creative",NA,"one"
"Wild Honey Inn",2019,"Lios Dúin Bhearna/Lisdoonvarna","Ireland","Europe",53.03151,-9.2911,"Classic cuisine",NA,"one"
"Chestnut",2019,"Ballydehob","Ireland","Europe",51.562588,-9.460854,"Modern cuisine",NA,"one"
"Mews",2019,"Baltimore","Ireland","Europe",51.48285,-9.37234,"Modern cuisine",NA,"one"
"Ichigo Ichie",2019,"Corcaigh/Cork","Ireland","Europe",51.898167,-8.479933,"Japanese",NA,"one"
"Chapter One",2019,"City Centre","Ireland","Europe",53.354374,-6.263786,"Modern cuisine",NA,"one"
"Greenhouse",2019,"City Centre","Ireland","Europe",53.340042,-6.258506,"Modern cuisine",NA,"one"
"L'Ecrivain",2019,"City Centre","Ireland","Europe",53.33627,-6.24834,"Modern cuisine",NA,"one"
"Campagne",2019,"Cill Chainnigh/Kilkenny","Ireland","Europe",52.6559,-7.2464285,"Modern British",NA,"one"
"Heron & Grey",2019,"Blackrock","Ireland","Europe",53.30143,-6.177574,"Modern cuisine",NA,"one"
"Lady Helen",2019,"Baile Mhic Andáin/Thomastown","Ireland","Europe",52.526096,-7.188277,"Modern cuisine",NA,"one"
"House",2019,"Aird Mhór/Ardmore","Ireland","Europe",51.94777,-7.7135396,"Modern cuisine",NA,"one"
"Olympe",2019,"Rio de Janeiro - 22470","Brazil","South America",-22.96109,-43.20658,"French","5","one"
"Lasai",2019,"Rio de Janeiro - 22271","Brazil","South America",-22.95401,-43.19557,"modern","5","one"
"Oteque",2019,"Rio de Janeiro - 22271","Brazil","South America",-22.95747,-43.194424,"modern","5","one"
"Mee",2019,"Rio de Janeiro - 22021","Brazil","South America",-22.96764,-43.17925,"Asian influences","5","one"
"Cipriani",2019,"Rio de Janeiro - 22021","Brazil","South America",-22.96755,-43.17901,"Italian","5","one"
"Jun Sakamoto",2019,"São Paulo - 05413","Brazil","South America",-23.56318,-46.67737,"Japanese","5","one"
"Maní",2019,"São Paulo - 05415","Brazil","South America",-23.56621,-46.67974,"creative","5","one"
"Evvai",2019,"São Paulo - 05415","Brazil","South America",-23.567078,-46.679146,"modern","5","one"
"Picchi",2019,"São Paulo - 01426","Brazil","South America",-23.565063,-46.666767,"Italian","5","one"
"Kosushi",2019,"São Paulo - 04538","Brazil","South America",-23.58522,-46.6809,"Japanese","3","one"
"Ryo Gastronomia",2019,"São Paulo - 04531","Brazil","South America",-23.58132,-46.6767,"Japanese","5","one"
"Tangará Jean-Georges",2019,"São Paulo - 05706","Brazil","South America",-23.634005,-46.72428,"modern","5","one"
"Kinoshita",2019,"São Paulo - 04509","Brazil","South America",-23.59159,-46.67146,"Japanese","5","one"
"Kan Suke",2019,"São Paulo - 01401","Brazil","South America",-23.5684,-46.64936,"Japanese","5","one"
"Huto",2019,"São Paulo - 04080","Brazil","South America",-23.60882,-46.6598,"Japanese","5","one"
"Stay",2019,"Seoul","South Korea","Asia",37.513004,127.10257,"French contemporary","3","one"
"Lee Jong Kuk 104",2019,"Seoul","South Korea","Asia",37.592903,126.997284,"Korean","4","one"
"Hansikgonggan",2019,"Seoul","South Korea","Asia",37.577705,126.98852,"Korean","3","one"
"Dining in Space",2019,"Seoul","South Korea","Asia",37.57761,126.98845,"French contemporary","3","one"
"Exquisine",2019,"Seoul","South Korea","Asia",37.521046,127.049736,"Innovative","3","one"
"Dosa",2019,"Seoul","South Korea","Asia",37.52445,127.04441,"Innovative","3","one"
"Joo Ok",2019,"Seoul","South Korea","Asia",37.52252,127.04396,"Korean contemporary","3","one"
"Balwoo Gongyang",2019,"Seoul","South Korea","Asia",37.57389,126.98318,"Temple cuisine","2","one"
"Muoki",2019,"Seoul","South Korea","Asia",37.518963,127.04217,"Innovative","3","one"
"L'Amitié",2019,"Seoul","South Korea","Asia",37.522675,127.032646,"French","3","one"
"Yu Yuan",2019,"Seoul","South Korea","Asia",37.57045,126.97534,"Chinese","3","one"
"Bicena",2019,"Seoul","South Korea","Asia",37.5384,127.00135,"Korean","3","one"
"Mosu",2019,"Seoul","South Korea","Asia",37.536415,126.99934,"Innovative","5","one"
"Poom",2019,"Seoul","South Korea","Asia",37.54903,126.98341,"Korean","3","one"
"Soigné",2019,"Seoul","South Korea","Asia",37.49816,127.002,"Innovative","3","one"
"Table for Four",2019,"Seoul","South Korea","Asia",37.49769,126.99442,"European contemporary","3","one"
"Zero Complex",2019,"Seoul","South Korea","Asia",37.49417,126.9948,"Innovative","3","one"
"Jin Jin",2019,"Seoul","South Korea","Asia",37.55777,126.91324,"Chinese","1","one"
"Gotgan",2019,"Seoul","South Korea","Asia",37.52212,126.92022,"Korean","4","one"
"Hill Street Tai Hwa Pork Noodle",2018,"Singapore","Singapore","Asia",1.3052,103.8624,"Street Food","1","one"
"Putien (Kitchener Road)",2018,"Singapore","Singapore","Asia",1.30969,103.8573,"Fujian","1","one"
"Chef Kang's",2018,"Singapore","Singapore","Asia",1.304735,103.84955,"Cantonese","3","one"
"Garibaldi",2018,"Singapore","Singapore","Asia",1.296564,103.855,"Italian","1","one"
"Summer Pavilion",2018,"Singapore","Singapore","Asia",1.291284,103.8603,"Cantonese","2","one"
"Shinji (Bras Basah Road)",2018,"Singapore","Singapore","Asia",1.2959028,103.8539,"Sushi","2","one"
"The Song of India",2018,"Singapore","Singapore","Asia",1.310767,103.8353,"Indian","1","one"
"Lei Garden",2018,"Singapore","Singapore","Asia",1.295228,103.8521,"Cantonese","1","one"
"Whitegrass",2018,"Singapore","Singapore","Asia",1.295452,103.8516,"Australian","2","one"
"Jaan",2018,"Singapore","Singapore","Asia",1.293184,103.8529,"French contemporary","3","one"
"Labyrinth",2018,"Singapore","Singapore","Asia",1.2899688,103.8562,"Innovative","2","one"
"Cut",2018,"Singapore","Singapore","Asia",1.2853268,103.8607,"Steakhouse","3","one"
"Alma",2018,"Singapore","Singapore","Asia",1.309123,103.834,"European contemporary","1","one"
"Béni",2018,"Singapore","Singapore","Asia",1.302379,103.8366,"French contemporary","2","one"
"Crystal Jade Golden Palace",2018,"Singapore","Singapore","Asia",1.303244,103.8353,"Chinese","1","one"
"Imperial Treasure Fine Teochew Cuisine (Orchard)",2018,"Singapore","Singapore","Asia",1.3032448,103.8349,"Chinese","1","one"
"Saint Pierre",2018,"Singapore","Singapore","Asia",1.285781,103.8538,"French contemporary","2","one"
"Sushi Ichi",2018,"Singapore","Singapore","Asia",1.305105,103.8324,"Sushi","3","one"
"Sushi Kimura",2018,"Singapore","Singapore","Asia",1.3063719,103.829475,"Sushi","4","one"
"Iggy's",2018,"Singapore","Singapore","Asia",1.305986,103.8294,"European contemporary","3","one"
"Braci",2018,"Singapore","Singapore","Asia",1.287212,103.84949,"Italian contemporary","2","one"
"Jiang-Nan Chun",2018,"Singapore","Singapore","Asia",1.304937,103.8288,"Cantonese","3","one"
"Bacchanalia",2018,"Singapore","Singapore","Asia",1.2874758,103.8474,"Innovative","2","one"
"Shinji (Tanglin Road)",2018,"Singapore","Singapore","Asia",1.305821,103.8257,"Sushi","4","one"
"Corner House",2018,"Singapore","Singapore","Asia",1.315121,103.8154,"Innovative","2","one"
"Summer Palace",2018,"Singapore","Singapore","Asia",1.3043848,103.825,"Cantonese","1","one"
"Cheek by Jowl",2018,"Singapore","Singapore","Asia",1.281301,103.84849,"Australian","1","one"
"Nouri",2018,"Singapore","Singapore","Asia",1.28086,103.84713,"Innovative","1","one"
"Liao Fan Hong Kong Soya Sauce Chicken Rice & Noodle",2018,"Singapore","Singapore","Asia",1.28248,103.8439,"Street Food","1","one"
"Burnt Ends",2018,"Singapore","Singapore","Asia",1.280501,103.8418,"Barbecue","2","one"
"Rhubarb",2018,"Singapore","Singapore","Asia",1.279368,103.843,"French contemporary","1","one"
"Meta",2018,"Singapore","Singapore","Asia",1.279372,103.8415,"Innovative","2","one"
"Ma Cuisine",2018,"Singapore","Singapore","Asia",1.27826,103.842,"French","1","one"
"Candlenut",2018,"Singapore","Singapore","Asia",1.2797709,103.8402,"Peranakan","1","one"
"Bhoga",2019,"Göteborg","Sweden","Europe",57.70618,11.9624,"Creative","3","one"
"Koka",2019,"Göteborg","Sweden","Europe",57.698406,11.965365,"Modern cuisine","3","one"
"28+",2019,"Göteborg","Sweden","Europe",57.69809,11.97377,"Modern cuisine","3","one"
"SK Mat & Människor",2019,"Göteborg","Sweden","Europe",57.69688,11.98338,"Modern cuisine","3","one"
"Thörnströms Kök",2019,"Göteborg","Sweden","Europe",57.69437,11.977609,"Classic cuisine","3","one"
"Upper House",2019,"Göteborg","Sweden","Europe",57.69745,11.99021,"Creative","4","one"
"Agrikultur",2019,"Stockholm","Sweden","Europe",59.34777,18.05863,"Modern cuisine","4","one"
"Sushi Sho",2019,"Stockholm","Sweden","Europe",59.341286,18.049892,"Japanese","3","one"
"Volt",2019,"Stockholm","Sweden","Europe",59.33867,18.079683,"Creative","3","one"
"Ekstedt",2019,"Stockholm","Sweden","Europe",59.33674,18.07521,"Meats and grills","3","one"
"Operakällaren",2019,"Stockholm","Sweden","Europe",59.329876,18.071363,"Classic cuisine","4","one"
"Mathias Dahlgren-Matbaren",2019,"Stockholm","Sweden","Europe",59.32935,18.07543,"Modern cuisine","2","one"
"Aloë",2019,"Stockholm","Sweden","Europe",59.2842,17.985748,"Creative","4","one"
"PM & Vänner",2019,"Växjö","Sweden","Europe",56.87892,14.80387,"Creative","3","one"
"Bloom in the Park",2019,"Malmö","Sweden","Europe",55.59064,12.99794,"Creative","2","one"
"SAV",2019,"Malmö","Sweden","Europe",55.53376,13.00537,"Creative","3","one"
"Golden Formosa",2019,"Taipei","China","Asia",25.118216,121.53623,"Taiwanese","2","one"
"Danny's Steakhouse",2019,"Taipei","China","Asia",25.082657,121.552765,"Steakhouse","2","one"
"L'Atelier de Joël Robuchon",2019,"Taipei","China","Asia",25.039188,121.56771,"French contemporary","3","one"
"Kitcho",2019,"Taipei","China","Asia",25.04429,121.55076,"Sushi","4","one"
"Tien Hsiang Lo",2019,"Taipei","China","Asia",25.062696,121.529976,"Hang Zhou","2","one"
"Ya Ge",2019,"Taipei","China","Asia",25.06625,121.52533,"Cantonese","2","one"
"Da-Wan",2019,"Taipei","China","Asia",25.043018,121.55019,"Barbecue","3","one"
"Sushi Nomura",2019,"Taipei","China","Asia",25.03618,121.55465,"Sushi","3","one"
"logy",2019,"Taipei","China","Asia",25.03561,121.55323,"Asian contemporary","4","one"
"Ming Fu",2019,"Taipei","China","Asia",25.06171,121.52399,"Taiwanese","3","one"
"Ken An Ho",2019,"Taipei","China","Asia",25.034622,121.55281,"Japanese","4","one"
"Sushi Ryu",2019,"Taipei","China","Asia",25.055832,121.52724,"Sushi","4","one"
"MUME",2019,"Taipei","China","Asia",25.036266,121.54809,"European contemporary","3","one"
"Impromptu by Paul Lee",2019,"Taipei","China","Asia",25.05429,121.524254,"Innovative","3","one"
"Longtail",2019,"Taipei","China","Asia",25.023922,121.54841,"Innovative","2","one"
"Mountain and Sea House",2019,"Taipei","China","Asia",25.038046,121.531395,"Taiwanese","2","one"
"Da San Yuan",2019,"Taipei","China","Asia",25.042248,121.512215,"Cantonese","1","one"
"Tainan Tan Tsu Mien Seafood",2019,"Taipei","China","Asia",25.03799,121.4984,"Seafood","2","one"
"Suan Thip",2019,"Bangkok","Thailand","Asia",13.926962,100.502144,"Thai","1","one"
"Upstairs at Mikkeller",2019,"Bangkok","Thailand","Asia",13.727946,100.58844,"Innovative","5","one"
"Chim by Siam Wisdom",2019,"Bangkok","Thailand","Asia",13.740706,100.56789,"Thai","3","one"
"R-Haan",2019,"Bangkok","Thailand","Asia",13.731805,100.57972,"Thai","4","one"
"Canvas",2019,"Bangkok","Thailand","Asia",13.728886,100.580826,"Innovative","4","one"
"Bo.lan",2019,"Bangkok","Thailand","Asia",13.726389,100.57799,"Thai","5","one"
"Sra Bua by Kiin Kiin",2019,"Bangkok","Thailand","Asia",13.754137,100.53451,"Thai Contemporary","3","one"
"Elements",2019,"Bangkok","Thailand","Asia",13.742978,100.54798,"French contemporary","4","one"
"Paste",2019,"Bangkok","Thailand","Asia",13.744594,100.540565,"Thai","3","one"
"Ginza Sushi ichi",2019,"Bangkok","Thailand","Asia",13.744069,100.54092,"Sushi","4","one"
"Sorn",2019,"Bangkok","Thailand","Asia",13.723242,100.56848,"Southern Thai","5","one"
"Savelberg",2019,"Bangkok","Thailand","Asia",13.738216,100.54642,"French contemporary","3","one"
"Saneh Jaan",2019,"Bangkok","Thailand","Asia",13.735739,100.54605,"Thai","2","one"
"Gaa",2019,"Bangkok","Thailand","Asia",13.737806,100.54275,"Innovative","4","one"
"Methavalai Sorndaeng",2019,"Bangkok","Thailand","Asia",13.756321,100.502045,"Thai","2","one"
"Jay Fai",2019,"Bangkok","Thailand","Asia",13.752614,100.50466,"Street Food","2","one"
"Nahm",2019,"Bangkok","Thailand","Asia",13.724357,100.53926,"Thai","3","one"
"J'AIME by Jean-Michel Lorain",2019,"Bangkok","Thailand","Asia",13.718885,100.546326,"French contemporary","3","one"
"Saawaan",2019,"Bangkok","Thailand","Asia",13.721809,100.53741,"Thai Contemporary","4","one"
"Le Du",2019,"Bangkok","Thailand","Asia",13.725005,100.52939,"Thai","4","one"
"Ruean Panya",2019,"Bangkok","Thailand","Asia",13.558403,100.28264,"Thai","2","one"
"PRU",2019,"Phuket","Thailand","Asia",8.034298,98.2764,"Innovative","5","one"
"Blue Duck Tavern",2019,"Washington, D.C.","USA","North America",38.905373,-77.05128,"American","3","one"
"Tail Up Goat",2019,"Washington, D.C.","USA","North America",38.9235,-77.043274,"Contemporary","2","one"
"Komi",2019,"Washington, D.C.","USA","North America",38.910107,-77.03836,"Mediterranean","4","one"
"Sushi Taro",2019,"Washington, D.C.","USA","North America",38.909992,-77.03834,"Japanese","4","one"
"Plume",2019,"Washington, D.C.","USA","North America",38.906,-77.03671,"European","4","one"
"Siren by RW",2019,"Washington, D.C.","USA","North America",38.907776,-77.035446,"Seafood","3","one"
"Bresca",2019,"Washington, D.C.","USA","North America",38.91584,-77.0321,"Contemporary","2","one"
"The Dabney",2019,"Washington, D.C.","USA","North America",38.906292,-77.024666,"American","2","one"
"Métier",2019,"Washington, D.C.","USA","North America",38.903503,-77.0218,"Contemporary","4","one"
"Kinship",2019,"Washington, D.C.","USA","North America",38.903282,-77.0218,"Contemporary","3","one"
"Fiola",2019,"Washington, D.C.","USA","North America",38.89416,-77.02032,"Italian","4","one"
"Masseria",2019,"Washington, D.C.","USA","North America",38.909504,-76.99908,"Italian","3","one"
"Rose's Luxury",2019,"Washington, D.C.","USA","North America",38.88064,-76.99515,"Contemporary","2","one"
"Loch Bay",2019,"Waternish","United Kingdom","Europe",57.51487,-6.57114,"Modern cuisine",NA,"one"
"Braidwoods",2019,"Dalry","United Kingdom","Europe",55.69474,-4.7425,"Classic cuisine",NA,"one"
"Eipic",2019,"Belfast","United Kingdom","Europe",54.595898,-5.9322424,"Modern cuisine",NA,"one"
"OX",2019,"Belfast","United Kingdom","Europe",54.59891,-5.92198,"Modern British",NA,"one"
"The Peat Inn",2019,"Peat Inn","United Kingdom","Europe",56.27861,-2.8845797,"Classic cuisine",NA,"one"
"Kitchin",2019,"Leith","United Kingdom","Europe",55.976967,-3.172842,"Modern cuisine",NA,"one"
"Martin Wishart",2019,"Leith","United Kingdom","Europe",55.97552,-3.17019,"Modern cuisine",NA,"one"
"Number One",2019,"Edinburgh","United Kingdom","Europe",55.95298,-3.18966,"Modern cuisine",NA,"one"
"21212",2019,"Edinburgh","United Kingdom","Europe",55.95674,-3.18018,"Creative",NA,"one"
"The Cellar",2019,"Anstruther","United Kingdom","Europe",56.222126,-2.696321,"Modern cuisine",NA,"one"
"Forest Side",2019,"Grasmere","United Kingdom","Europe",54.46396,-3.0157998,"Modern British",NA,"one"
"HRiSHi",2019,"Bowness-on-Windermere","United Kingdom","Europe",54.35013,-2.91172,"Modern cuisine",NA,"one"
"Rogan & Co",2019,"Cartmel","United Kingdom","Europe",54.20074,-2.95464,"Creative British",NA,"one"
"House of Tides",2019,"Newcastle upon Tyne","United Kingdom","Europe",54.96758,-1.61127,"Modern cuisine",NA,"one"
"Sosban & The Old Butchers",2019,"Menai Bridge/Porthaethwy","United Kingdom","Europe",53.225925,-4.163006,"Modern cuisine",NA,"one"
"Northcote",2019,"Langho","United Kingdom","Europe",53.80933,-2.4476,"Modern British",NA,"one"
"Yorke Arms",2019,"Pateley Bridge","United Kingdom","Europe",54.13435,-1.8183095,"Modern cuisine",NA,"one"
"Fraiche",2019,"Birkenhead","United Kingdom","Europe",53.38183,-3.04307,"Creative",NA,"one"
"White Swan",2019,"Fence","United Kingdom","Europe",53.83916,-2.25097,"Modern British",NA,"one"
"Tyddyn Llan",2019,"Llandrillo","United Kingdom","Europe",52.92405,-3.44329,"Classic cuisine",NA,"one"
"Ynyshir",2019,"Machynlleth","United Kingdom","Europe",52.54476,-3.94491,"Creative",NA,"one"
"Black Swan",2019,"Oldstead","United Kingdom","Europe",54.21205,-1.1879199,"Modern British",NA,"one"
"Simon Radley at Chester Grosvenor",2019,"Chester","United Kingdom","Europe",53.19064,-2.88913,"Modern cuisine",NA,"one"
"Star Inn at Harome",2019,"Harome","United Kingdom","Europe",54.23101,-1.01023,"Modern British",NA,"one"
"The Man Behind The Curtain",2019,"Leeds","United Kingdom","Europe",53.798286,-1.539937,"Creative",NA,"one"
"The Checkers",2019,"Montgomery/Trefaldwyn","United Kingdom","Europe",52.55568,-3.13769,"French",NA,"one"
"Pipe and Glass",2019,"South Dalton","United Kingdom","Europe",53.8955,-0.53301,"Modern British",NA,"one"
"Fischer's at Baslow Hall",2019,"Baslow","United Kingdom","Europe",53.25055,-1.6269798,"Modern cuisine",NA,"one"
"Winteringham Fields",2019,"Winteringham","United Kingdom","Europe",53.68778,-0.59013,"Modern cuisine",NA,"one"
"Thomas Carr @ The Olive Room",2019,"Ilfracombe","United Kingdom","Europe",51.209476,-4.118807,"Seafood",NA,"one"
"Walnut Tree",2019,"Llanddewi Skirrid","United Kingdom","Europe",51.84534,-2.95438,"Modern British",NA,"one"
"Paul Ainsworth at No.6",2019,"Padstow","United Kingdom","Europe",50.541534,-4.9398518,"Modern cuisine",NA,"one"
"Simpsons",2019,"Birmingham","United Kingdom","Europe",52.46925,-1.9238801,"Modern cuisine",NA,"one"
"Purnell's",2019,"Birmingham","United Kingdom","Europe",52.48268,-1.9018,"Modern cuisine",NA,"one"
"Adam's",2019,"Birmingham","United Kingdom","Europe",52.47964,-1.900286,"Modern cuisine",NA,"one"
"Outlaw's Fish Kitchen",2019,"Port Isaac","United Kingdom","Europe",50.59206,-4.832,"Seafood",NA,"one"
"Carters of Moseley",2019,"Birmingham","United Kingdom","Europe",52.44588,-1.88384,"Modern British",NA,"one"
"Peel's",2019,"Hampton in Arden","United Kingdom","Europe",52.4259,-1.70536,"Creative British",NA,"one"
"John's House",2019,"Mountsorrel","United Kingdom","Europe",52.73295,-1.145851,"Modern cuisine",NA,"one"
"The Whitebrook",2019,"Whitebrook","United Kingdom","Europe",51.759697,-2.686909,"Modern British",NA,"one"
"James Sommerin",2019,"Penarth","United Kingdom","Europe",51.434387,-3.167951,"Modern cuisine",NA,"one"
"Driftwood",2019,"Portscatho","United Kingdom","Europe",50.1889,-4.97088,"Modern cuisine",NA,"one"
"The Cross at Kenilworth",2019,"Kenilworth","United Kingdom","Europe",52.350315,-1.5801147,"Classic cuisine",NA,"one"
"Masons Arms",2019,"Knowstone","United Kingdom","Europe",50.99547,-3.67163,"Classic French",NA,"one"
"Salt",2019,"Stratford-upon-Avon","United Kingdom","Europe",52.18963,-1.7092043,"Modern British",NA,"one"
"Le Champignon Sauvage",2019,"Cheltenham","United Kingdom","Europe",51.89146,-2.07912,"Modern cuisine",NA,"one"
"Gidleigh Park",2019,"Chagford","United Kingdom","Europe",50.67658,-3.87354,"Modern cuisine",NA,"one"
"Hambleton Hall",2019,"Upper Hambleton","United Kingdom","Europe",52.65737,-0.66812,"Classic cuisine",NA,"one"
"wilks",2019,"Bristol","United Kingdom","Europe",51.46737,-2.6069899,"Modern British",NA,"one"
"Bulrush",2019,"Bristol","United Kingdom","Europe",51.46278,-2.597758,"Modern British",NA,"one"
"Casamia",2019,"Bristol","United Kingdom","Europe",51.447254,-2.5940728,"Creative",NA,"one"
"Paco Tapas",2019,"Bristol","United Kingdom","Europe",51.44647,-2.59358,"Spanish",NA,"one"
"Pony & Trap",2019,"Chew Magna","United Kingdom","Europe",51.34938,-2.5925994,"Modern British",NA,"one"
"The Dining Room",2019,"Malmesbury","United Kingdom","Europe",51.58376,-2.14954,"Asian influences",NA,"one"
"Bybrook",2019,"Castle Combe","United Kingdom","Europe",51.49382,-2.23212,"Modern British",NA,"one"
"Restaurant Hywel Jones by Lucknam Park",2019,"Colerne","United Kingdom","Europe",51.45502,-2.25941,"Modern British",NA,"one"
"Olive Tree",2019,"Bath","United Kingdom","Europe",51.38707,-2.3627,"Modern cuisine",NA,"one"
"Lympstone Manor",2019,"Lympstone","United Kingdom","Europe",50.64069,-3.4186063,"Modern cuisine",NA,"one"
"The Neptune",2019,"Hunstanton","United Kingdom","Europe",52.9511,0.50927,"Modern cuisine",NA,"one"
"Elephant",2019,"Torquay","United Kingdom","Europe",50.45853,-3.52438,"Modern British",NA,"one"
"Oxford Kitchen",2019,"Oxford","United Kingdom","Europe",51.776733,-1.264794,"Modern British",NA,"one"
"Nut Tree",2019,"Murcott","United Kingdom","Europe",51.83618,-1.1499,"Traditional British",NA,"one"
"Morston Hall",2019,"Morston","United Kingdom","Europe",52.95473,0.98729,"Modern British",NA,"one"
"Red Lion Freehouse",2019,"East Chisenbury","United Kingdom","Europe",51.2736,-1.8007996,"Classic cuisine",NA,"one"
"Blackbird",2019,"Newbury","United Kingdom","Europe",51.420887,-1.3493549,"Classic cuisine",NA,"one"
"Woodspeen",2019,"Newbury","United Kingdom","Europe",51.415802,-1.353532,"Modern cuisine",NA,"one"
"The Coach",2019,"Marlow","United Kingdom","Europe",51.571712,-0.7772678,"Modern British",NA,"one"
"Crown",2019,"Burchett's Green","United Kingdom","Europe",51.524807,-0.7915291,"Regional cuisine",NA,"one"
"L'Ortolan",2019,"Shinfield","United Kingdom","Europe",51.40833,-0.9542898,"French",NA,"one"
"Hinds Head",2019,"Bray","United Kingdom","Europe",51.51265,-0.69641,"Traditional British",NA,"one"
"Black Rat",2019,"Winchester","United Kingdom","Europe",51.05796,-1.3069497,"Modern cuisine",NA,"one"
"Matt Worswick at The Latymer",2019,"Bagshot","United Kingdom","Europe",51.35764,-0.7086128,"Modern cuisine",NA,"one"
"Coworth Park",2019,"Ascot","United Kingdom","Europe",51.40463,-0.616715,"Modern cuisine",NA,"one"
"Tudor Room",2019,"Egham","United Kingdom","Europe",51.41759,-0.545847,"Modern cuisine",NA,"one"
"The Glasshouse",2019,"Kew","United Kingdom","Europe",51.4771,-0.28574,"Modern cuisine",NA,"one"
"La Trompette",2019,"Chiswick","United Kingdom","Europe",51.49222,-0.25619,"Modern British",NA,"one"
"Tim Allen's Flitch of Bacon",2019,"Little Dunmow","United Kingdom","Europe",51.86747,0.404134,"Modern British",NA,"one"
"River Café",2019,"Hammersmith","United Kingdom","Europe",51.48395,-0.22423,"Italian",NA,"one"
"Kitchen W8",2019,"Kensington","United Kingdom","Europe",51.49918,-0.19692,"Modern cuisine",NA,"one"
"Trishna",2019,"Marylebone","United Kingdom","Europe",51.51834,-0.153031,"Indian",NA,"one"
"Roganic",2019,"Marylebone","United Kingdom","Europe",51.518314,-0.1520875,"Creative British",NA,"one"
"Locanda Locatelli",2019,"Marylebone","United Kingdom","Europe",51.51514,-0.15675,"Italian",NA,"one"
"Texture",2019,"Marylebone","United Kingdom","Europe",51.51488,-0.15664,"Creative",NA,"one"
"Portland",2019,"Regent's Park","United Kingdom","Europe",51.519726,-0.142555,"Modern cuisine",NA,"one"
"Harwood Arms",2019,"Fulham","United Kingdom","Europe",51.48291,-0.19651,"Modern British",NA,"one"
"Pied à Terre",2019,"Bloomsbury","United Kingdom","Europe",51.519,-0.13511,"Creative",NA,"one"
"The Ninth",2019,"Bloomsbury","United Kingdom","Europe",51.51875,-0.1350068,"Mediterranean cuisine",NA,"one"
"Kai",2019,"Mayfair","United Kingdom","Europe",51.50871,-0.15162,"Chinese",NA,"one"
"Pollen Street Social",2019,"Mayfair","United Kingdom","Europe",51.5133,-0.14234,"Creative",NA,"one"
"Hakkasan Mayfair",2019,"Mayfair","United Kingdom","Europe",51.51037,-0.14475,"Chinese",NA,"one"
"The Square",2019,"Mayfair","United Kingdom","Europe",51.51069,-0.14401,"Creative French",NA,"one"
"Alyn Williams at The Westbury",2019,"Mayfair","United Kingdom","Europe",51.51118,-0.14303,"Modern cuisine",NA,"one"
"Benares",2019,"Mayfair","United Kingdom","Europe",51.50973,-0.14494,"Indian",NA,"one"
"Hakkasan Hanway Place",2019,"Bloomsbury","United Kingdom","Europe",51.5171,-0.13144,"Chinese",NA,"one"
"Social Eating House",2019,"Soho","United Kingdom","Europe",51.51383,-0.13673,"Modern cuisine",NA,"one"
"Galvin at Windows",2019,"Mayfair","United Kingdom","Europe",51.50539,-0.15039,"Modern cuisine",NA,"one"
"Murano",2019,"Mayfair","United Kingdom","Europe",51.50707,-0.14722,"Italian",NA,"one"
"Marcus",2019,"Belgravia","United Kingdom","Europe",51.50171,-0.15614,"Modern cuisine",NA,"one"
"Sabor",2019,"Mayfair","United Kingdom","Europe",51.511368,-0.1396773,"Spanish",NA,"one"
"Clock House",2019,"Ripley","United Kingdom","Europe",51.30044,-0.49287,"Modern cuisine",NA,"one"
"Yauatcha Soho",2019,"Soho","United Kingdom","Europe",51.51367,-0.1352,"Chinese",NA,"one"
"Céleste",2019,"Belgravia","United Kingdom","Europe",51.502422,-0.1522617,"Creative French",NA,"one"
"Gymkhana",2019,"Mayfair","United Kingdom","Europe",51.50854,-0.14154,"Indian",NA,"one"
"Amaya",2019,"Belgravia","United Kingdom","Europe",51.49912,-0.15731,"Indian",NA,"one"
"Pétrus",2019,"Belgravia","United Kingdom","Europe",51.49951,-0.15662,"French",NA,"one"
"Veeraswamy",2019,"Mayfair","United Kingdom","Europe",51.51008,-0.13809,"Indian",NA,"one"
"Barrafina",2019,"Soho","United Kingdom","Europe",51.51375,-0.1318,"Spanish",NA,"one"
"Hide",2019,"Mayfair","United Kingdom","Europe",51.506077,-0.144289,"Modern British",NA,"one"
"Ritz Restaurant",2019,"Westminster","United Kingdom","Europe",51.50728,-0.14141,"Modern British",NA,"one"
"Elystan Street",2019,"Chelsea","United Kingdom","Europe",51.49124,-0.16724,"Modern British",NA,"one"
"Seven Park Place",2019,"Saint James's","United Kingdom","Europe",51.50623,-0.13998,"Modern cuisine",NA,"one"
"Ikoyi",2019,"Saint James's","United Kingdom","Europe",51.509212,-0.1334389,"Creative",NA,"one"
"Aquavit",2019,"Saint James's","United Kingdom","Europe",51.508713,-0.1334072,"Scandinavian",NA,"one"
"Five Fields",2019,"Chelsea","United Kingdom","Europe",51.49168,-0.16124,"Modern cuisine",NA,"one"
"Dining Room at The Goring",2019,"Victoria","United Kingdom","Europe",51.49763,-0.14556,"Traditional British",NA,"one"
"St John",2019,"Clerkenwell","United Kingdom","Europe",51.52064,-0.10133,"Traditional British",NA,"one"
"Quilon",2019,"Victoria","United Kingdom","Europe",51.49863,-0.13726,"Indian",NA,"one"
"Club Gascon",2019,"London","United Kingdom","Europe",51.51857,-0.10031,"French",NA,"one"
"A. Wong",2019,"Victoria","United Kingdom","Europe",51.49318,-0.14128,"Chinese",NA,"one"
"The Clove Club",2019,"Shoreditch","United Kingdom","Europe",51.52711,-0.07927,"Modern cuisine",NA,"one"
"Leroy",2019,"Shoreditch","United Kingdom","Europe",51.524086,-0.0815337,"Modern British",NA,"one"
"Angler",2019,"Finsbury","United Kingdom","Europe",51.51894,-0.08625,"Seafood",NA,"one"
"Brat",2019,"Shoreditch","United Kingdom","Europe",51.52427,-0.0767681,"Traditional British",NA,"one"
"Lyle's",2019,"Shoreditch","United Kingdom","Europe",51.52378,-0.07704,"Modern British",NA,"one"
"Galvin La Chapelle",2019,"Spitalfields","United Kingdom","Europe",51.52032,-0.0781,"French",NA,"one"
"City Social",2019,"City of London","United Kingdom","Europe",51.51521,-0.08431,"Modern cuisine",NA,"one"
"La Dame de Pic",2019,"City of London","United Kingdom","Europe",51.510372,-0.0788981,"Modern French",NA,"one"
"Story",2019,"Bermondsey","United Kingdom","Europe",51.50268,-0.07774,"Modern cuisine",NA,"one"
"Trinity",2019,"Clapham Common","United Kingdom","Europe",51.46336,-0.14148,"Modern cuisine",NA,"one"
"Chez Bruce",2019,"Wandsworth","United Kingdom","Europe",51.44607,-0.16553,"French",NA,"one"
"Sorrel",2019,"Dorking","United Kingdom","Europe",51.228825,-0.3346741,"Modern British",NA,"one"
"Restaurant Tristan",2019,"Horsham","United Kingdom","Europe",51.062347,-0.326034,"Modern British",NA,"one"
"Gravetye Manor",2019,"Gravetye","United Kingdom","Europe",51.08932,-0.05691,"Modern British",NA,"one"
"The Sportsman",2019,"Seasalter","United Kingdom","Europe",51.34392,0.95885,"Modern British",NA,"one"
"West House",2019,"Biddenden","United Kingdom","Europe",51.11521,0.64215,"Modern British",NA,"one"
"Fordwich Arms",2019,"Fordwich","United Kingdom","Europe",51.295284,1.1261871,"Modern cuisine",NA,"one"
"Samphire",2019,"Saint Helier/Saint-Hélier","United Kingdom","Europe",49.18488,-2.1057,"Modern cuisine",NA,"one"
"Bohemia",2019,"Saint Helier/Saint-Hélier","United Kingdom","Europe",49.181225,-2.102417,"Modern cuisine",NA,"one"
"SENNS.Restaurant",2019,"Salzburg","Austria","Europe",47.83636,13.06389,"Creative","5","two"
"Ikarus",2019,"Salzburg","Austria","Europe",47.79536,13.00695,"Creative","5","two"
"Mraz & Sohn",2019,"Wien","Austria","Europe",48.23129,16.37637,"Creative","5","two"
"Konstantin Filippou",2019,"Wien","Austria","Europe",48.21056,16.37996,"Modern cuisine","5","two"
"Silvio Nickol Gourmet Restaurant",2019,"Wien","Austria","Europe",48.20558,16.37693,"Modern cuisine","5","two"
"Steirereck im Stadtpark",2019,"Wien","Austria","Europe",48.20229,16.3805,"Creative","5","two"
"Baumé",2019,"South San Francisco","USA","North America",37.4285,-122.14272,"Contemporary","4","two"
"Commis",2019,"San Francisco","USA","North America",37.82476,-122.25505,"Contemporary","4","two"
"Californios",2019,"San Francisco","USA","North America",37.75555,-122.417145,"Mexican","4","two"
"Lazy Bear",2019,"San Francisco","USA","North America",37.760204,-122.41969,"Contemporary","4","two"
"Saison",2019,"San Francisco","USA","North America",37.76327,-122.41543,"Californian","4","two"
"Campton Place",2019,"San Francisco","USA","North America",37.78923,-122.40665,"Indian","4","two"
"Coi",2019,"San Francisco","USA","North America",37.79812,-122.40331,"Contemporary","4","two"
"Acquerello",2019,"San Francisco","USA","North America",37.79167,-122.42131,"Italian","4","two"
"Urasawa",2019,"Los Angeles","USA","North America",34.067352,-118.40067,"Japanese","4","two"
"Sushi Ginza Onodera",2019,"Los Angeles","USA","North America",34.08238,-118.37654,"Japanese","4","two"
"Somni",2019,"Los Angeles","USA","North America",34.070095,-118.37649,"Contemporary","4","two"
"Providence",2019,"Los Angeles","USA","North America",34.083523,-118.33019,"Seafood","4","two"
"n/naka",2019,"Los Angeles","USA","North America",34.02526,-118.41206,"Contemporary","4","two"
"Vespertine",2019,"Los Angeles","USA","North America",34.024204,-118.38166,"Contemporary","4","two"
"Smyth",2019,"Chicago","USA","North America",41.885,-87.660736,"Contemporary","4","two"
"Oriole",2019,"Chicago","USA","North America",41.886196,-87.64513,"Contemporary","4","two"
"Acadia",2019,"Chicago","USA","North America",41.85904,-87.62562,"Contemporary","4","two"
"KOKS",2019,"Leynar","Denmark","Europe",62.13667,-7.022025,"Creative","4","two"
"Henne Kirkeby Kro",2019,"Henne","Denmark","Europe",55.72682,8.242021,"Classic cuisine","3","two"
"a‚o‚c",2019,"København","Denmark","Europe",55.68305,12.58921,"Modern cuisine","4","two"
"noma",2019,"København","Denmark","Europe",55.68332,12.61006,"Creative","4","two"
"Kadeau Copenhagen",2019,"København","Denmark","Europe",55.67219,12.58848,"Modern cuisine","4","two"
"Spondi",2019,"Athína","Greece","Europe",37.96525,23.742971,"French","5","two"
"Sun Tung Lok",2019,"Hong Kong","China","Asia",22.30099,114.17221,"Cantonese","2","two"
"Yan Toh Heen",2019,"Hong Kong","China","Asia",22.293337,114.17395,"Cantonese","3","two"
"Tin Lung Heen",2019,"Hong Kong","China","Asia",22.30357,114.16007,"Cantonese","3","two"
"Tenku RyuGin",2019,"Hong Kong","China","Asia",22.30331,114.16021,"Japanese","5","two"
"Forum",2019,"Hong Kong","China","Asia",22.281616,114.1824,"Cantonese","2","two"
"Sushi Saito",2019,"Hong Kong","China","Asia",22.286467,114.15677,"Sushi","5","two"
"Pierre",2019,"Hong Kong","China","Asia",22.282127,114.15948,"French contemporary","4","two"
"Ying Jee Club",2019,"Hong Kong","China","Asia",22.284338,114.156654,"Cantonese","2","two"
"Écriture",2019,"Hong Kong","China","Asia",22.28315,114.1554,"French contemporary","3","two"
"Ta Vie",2019,"Hong Kong","China","Asia",22.282766,114.15529,"Innovative","5","two"
"Amber",2019,"Hong Kong","China","Asia",22.280596,114.15764,"French contemporary","4","two"
"Kashiwaya",2019,"Hong Kong","China","Asia",22.280643,114.15674,"Japanese","4","two"
"Onyx",2019,"Budapest","Hungary","Europe",47.49712,19.05067,"Modern cuisine","5","two"
"Feng Wei Ju",2019,"Macau","China","Asia",22.18996,113.54794,"Hunanese and Sichuan","1","two"
"Golden Flower",2019,"Macau","China","Asia",22.18753,113.54806,"Chinese","2","two"
"Mizumi (Macau)",2019,"Macau","China","Asia",22.188755,113.54488,"Japanese","2","two"
"The Tasting Room",2019,"Macau","China","Asia",22.14958,113.56505,"French contemporary","3","two"
"Alain Ducasse at Morpheus",2019,"Macau","China","Asia",22.14293,113.563774,"French contemporary","5","two"
"L'Atelier de Joël Robuchon",2019,"New York","USA","North America",40.742905,-74.00769,"French","4","two"
"Jungsik",2019,"New York","USA","North America",40.718685,-74.00911,"Korean","4","two"
"Atera",2019,"New York","USA","North America",40.716797,-74.00565,"Contemporary","4","two"
"Jean-Georges",2019,"New York","USA","North America",40.76907,-73.98155,"Contemporary","4","two"
"Marea",2019,"New York","USA","North America",40.76749,-73.98114,"Seafood","4","two"
"Gabriel Kreuther",2019,"New York","USA","North America",40.75397,-73.982025,"Contemporary","4","two"
"Ichimura at Uchū",2019,"New York","USA","North America",40.721832,-73.99012,"Japanese","4","two"
"Sushi Ginza Onodera",2019,"New York","USA","North America",40.752396,-73.981575,"Japanese","4","two"
"Ko",2019,"New York","USA","North America",40.72909,-73.98448,"Contemporary","4","two"
"The Modern",2019,"New York","USA","North America",40.76106,-73.97628,"Contemporary","4","two"
"Aquavit",2019,"New York","USA","North America",40.76078,-73.97214,"Scandinavian","4","two"
"Daniel",2019,"New York","USA","North America",40.7666,-73.96745,"French","4","two"
"Aska",2019,"New York","USA","North America",40.71222,-73.96642,"Scandinavian","4","two"
"Blanca",2019,"New York","USA","North America",40.70492,-73.93354,"Contemporary","4","two"
"Patrick Guilbaud",2019,"City Centre","Ireland","Europe",53.33893,-6.25283,"Modern French",NA,"two"
"Oro",2019,"Rio de Janeiro - 22441","Brazil","South America",-22.98601,-43.22471,"creative","5","two"
"Tuju",2019,"São Paulo - 05416","Brazil","South America",-23.55653,-46.69083,"creative","5","two"
"D.O.M.",2019,"São Paulo - 01411","Brazil","South America",-23.56618,-46.66742,"creative","5","two"
"Kojima",2019,"Seoul","South Korea","Asia",37.52559,127.04193,"Sushi","5","two"
"Jungsik",2019,"Seoul","South Korea","Asia",37.525585,127.04107,"Korean contemporary","3","two"
"Kwonsooksoo",2019,"Seoul","South Korea","Asia",37.526752,127.03571,"Korean","3","two"
"Mingles",2019,"Seoul","South Korea","Asia",37.52219,127.0392,"Korean contemporary","3","two"
"Alla Prima",2019,"Seoul","South Korea","Asia",37.51844,127.03008,"Innovative","3","two"
"Waku Ghin",2018,"Singapore","Singapore","Asia",1.283175,103.8598,"Japanese contemporary","5","two"
"Odette",2018,"Singapore","Singapore","Asia",1.2896459,103.8516,"French contemporary","4","two"
"Shoukouwa",2018,"Singapore","Singapore","Asia",1.2863698,103.854,"Sushi","5","two"
"Shisen Hanten",2018,"Singapore","Singapore","Asia",1.302395,103.8365,"Chinese","1","two"
"Les Amis",2018,"Singapore","Singapore","Asia",1.3066648,103.8314,"French","3","two"
"Fäviken Magasinet",2019,"Järpen","Sweden","Europe",63.43626,13.29337,"Creative","4","two"
"Gastrologik",2019,"Stockholm","Sweden","Europe",59.33365,18.0807,"Creative","4","two"
"Oaxen Krog",2019,"Stockholm","Sweden","Europe",59.322342,18.101831,"Creative","4","two"
"Vollmers",2019,"Malmö","Sweden","Europe",55.604427,12.995848,"Creative","4","two"
"Daniel Berlin",2019,"Skåne-Tranås","Sweden","Europe",55.61246,13.99265,"Creative","4","two"
"RAW",2019,"Taipei","China","Asia",25.082666,121.559525,"Innovative","3","two"
"Shoun RyuGin",2019,"Taipei","China","Asia",25.08258,121.5595,"Japanese contemporary","4","two"
"Taïrroir",2019,"Taipei","China","Asia",25.082718,121.559296,"Innovative","3","two"
"Sushi Amamoto",2019,"Taipei","China","Asia",25.037945,121.55487,"Sushi","4","two"
"The Guest House",2019,"Taipei","China","Asia",25.04486,121.52198,"Sichuan-Huai Yang","2","two"
"Gaggan",2019,"Bangkok","Thailand","Asia",13.737679,100.542145,"Innovative","5","two"
"Sühring",2019,"Bangkok","Thailand","Asia",13.710947,100.545654,"European contemporary","4","two"
"Mezzaluna",2019,"Bangkok","Thailand","Asia",13.722148,100.51691,"Innovative","5","two"
"Le Normandie",2019,"Bangkok","Thailand","Asia",13.723197,100.513855,"French contemporary","4","two"
"minibar",2019,"Washington, D.C.","USA","North America",38.896294,-77.02386,"Contemporary","4","two"
"Pineapple and Pearls",2019,"Washington, D.C.","USA","North America",38.880707,-76.99514,"Contemporary","4","two"
"Andrew Fairlie at Gleneagles",2019,"Auchterarder","United Kingdom","Europe",56.28339,-3.75149,"Creative French",NA,"two"
"L'Enclume",2019,"Cartmel","United Kingdom","Europe",54.201885,-2.953807,"Creative",NA,"two"
"Raby Hunt",2019,"Summerhouse","United Kingdom","Europe",54.56647,-1.689258,"Modern British",NA,"two"
"Moor Hall",2019,"Aughton","United Kingdom","Europe",53.54162,-2.8895495,"Modern British",NA,"two"
"Restaurant Sat Bains",2019,"Nottingham","United Kingdom","Europe",52.92438,-1.1733198,"Creative",NA,"two"
"Restaurant Nathan Outlaw",2019,"Port Isaac","United Kingdom","Europe",50.594086,-4.82854,"Seafood",NA,"two"
"Belmond Le Manoir aux Quat' Saisons",2019,"Great Milton","United Kingdom","Europe",51.71674,-1.09187,"French",NA,"two"
"Midsummer House",2019,"Cambridge","United Kingdom","Europe",52.21243,0.12779,"Modern cuisine",NA,"two"
"Hand and Flowers",2019,"Marlow","United Kingdom","Europe",51.57031,-0.78113,"Modern British",NA,"two"
"Ledbury",2019,"North Kensington","United Kingdom","Europe",51.51674,-0.20007,"Modern cuisine",NA,"two"
"CORE by Clare Smyth",2019,"North Kensington","United Kingdom","Europe",51.51261,-0.2030516,"Modern British",NA,"two"
"Le Gavroche",2019,"Mayfair","United Kingdom","Europe",51.51127,-0.15517,"French",NA,"two"
"Kitchen Table at Bubbledogs",2019,"Bloomsbury","United Kingdom","Europe",51.52041,-0.13647,"Modern cuisine",NA,"two"
"Hélène Darroze at The Connaught",2019,"Mayfair","United Kingdom","Europe",51.5101,-0.1495701,"Modern cuisine",NA,"two"
"Dinner by Heston Blumenthal",2019,"Hyde Park","United Kingdom","Europe",51.50208,-0.16011,"Traditional British",NA,"two"
"Umu",2019,"Mayfair","United Kingdom","Europe",51.5113,-0.14455,"Japanese",NA,"two"
"Sketch (The Lecture Room & Library)",2019,"Mayfair","United Kingdom","Europe",51.51287,-0.14136,"Modern French",NA,"two"
"Greenhouse",2019,"Mayfair","United Kingdom","Europe",51.50769,-0.14926,"Creative",NA,"two"
"Claude Bosi at Bibendum",2019,"Chelsea","United Kingdom","Europe",51.49341,-0.1690893,"French",NA,"two"
"Amador",2019,"Wien","Austria","Europe",48.25406,16.35915,"Creative","5","three"
"Manresa",2019,"South San Francisco","USA","North America",37.22761,-121.98071,"Contemporary","4","three"
"Benu",2019,"San Francisco","USA","North America",37.78521,-122.39876,"Asian","4","three"
"Quince",2019,"San Francisco","USA","North America",37.79762,-122.40337,"Contemporary","4","three"
"Atelier Crenn",2019,"San Francisco","USA","North America",37.79835,-122.43586,"Contemporary","4","three"
"The French Laundry",2019,"San Francisco","USA","North America",38.40443,-122.36474,"Contemporary","4","three"
"The Restaurant at Meadowood",2019,"San Francisco","USA","North America",38.52025,-122.46479,"Contemporary","4","three"
"SingleThread",2019,"San Francisco","USA","North America",38.612164,-122.869705,"Contemporary","4","three"
"Alinea",2019,"Chicago","USA","North America",41.91328,-87.64798,"Contemporary","4","three"
"Geranium",2019,"København","Denmark","Europe",55.70393,12.57197,"Creative","4","three"
"T'ang Court",2019,"Hong Kong","China","Asia",22.296572,114.1698,"Cantonese","3","three"
"Bo Innovation",2019,"Hong Kong","China","Asia",22.27614,114.171,"Innovative","5","three"
"Lung King Heen",2019,"Hong Kong","China","Asia",22.28665,114.15674,"Cantonese","4","three"
"Caprice",2019,"Hong Kong","China","Asia",22.286646,114.15662,"French","4","three"
"8½ Otto e Mezzo - Bombana",2019,"Hong Kong","China","Asia",22.28189,114.15839,"Italian","4","three"
"L'Atelier de Joël Robuchon",2019,"Hong Kong","China","Asia",22.281199,114.15816,"French contemporary","4","three"
"Sushi Shikon",2019,"Hong Kong","China","Asia",22.28511,114.15208,"Sushi","5","three"
"The Eight",2019,"Macau","China","Asia",22.190475,113.54341,"Chinese","3","three"
"Robuchon au Dôme",2019,"Macau","China","Asia",22.189949,113.54395,"French contemporary","4","three"
"Jade Dragon",2019,"Macau","China","Asia",22.149137,113.56715,"Cantonese","2","three"
"Maaemo",2019,"Oslo","Norway","Europe",59.910477,10.760408,"Modern cuisine","4","three"
"Masa",2019,"New York","USA","North America",40.76855,-73.98335,"Japanese","4","three"
"Per Se",2019,"New York","USA","North America",40.76828,-73.98292,"Contemporary","4","three"
"Le Bernardin",2019,"New York","USA","North America",40.76177,-73.98223,"Seafood","4","three"
"Eleven Madison Park",2019,"New York","USA","North America",40.7417,-73.98712,"Contemporary","4","three"
"Chef's Table at Brooklyn Fare",2019,"New York","USA","North America",40.68872,-73.98581,"Contemporary","4","three"
"La Yeon",2019,"Seoul","South Korea","Asia",37.555813,127.00517,"Korean","4","three"
"Gaon",2019,"Seoul","South Korea","Asia",37.52265,127.03595,"Korean","5","three"
"Frantzén",2019,"Stockholm","Sweden","Europe",59.33418,18.05812,"Modern cuisine","4","three"
"Le Palais",2019,"Taipei","China","Asia",25.049496,121.51674,"Cantonese","2","three"
"The Inn at Little Washington",2019,"Washington, D.C.","USA","North America",38.713623,-78.16208,"American","4","three"
"Fat Duck",2019,"Bray","United Kingdom","Europe",51.50828,-0.70232,"Creative",NA,"three"
"Waterside Inn",2019,"Bray","United Kingdom","Europe",51.50773,-0.70121,"Classic French",NA,"three"
"Alain Ducasse at The Dorchester",2019,"Mayfair","United Kingdom","Europe",51.50712,-0.1525201,"French",NA,"three"
"The Araki",2019,"Mayfair","United Kingdom","Europe",51.511826,-0.140389,"Japanese",NA,"three"
"Gordon Ramsay",2019,"Chelsea","United Kingdom","Europe",51.48546,-0.1620201,"French",NA,"three"
